Suburb,Month,Year,avg_price
ABBOTSFORD,February,2016,1136041.5
ABBOTSFORD,April,2016,968541.5
ABBOTSFORD,May,2016,1024729
ABBOTSFORD,June,2016,1066666.667
ABBOTSFORD,July,2016,1023041.5
ABBOTSFORD,August,2016,1013658
ABBOTSFORD,September,2016,1081108
ABBOTSFORD,October,2016,947142.8571
ABBOTSFORD,November,2016,1089893.818
ABBOTSFORD,December,2016,914608
ABBOTSFORD,February,2017,1180666.667
ABBOTSFORD,March,2017,1145347.167
ABBOTSFORD,April,2017,1204502.143
ABBOTSFORD,May,2017,1042940.429
ABBOTSFORD,June,2017,695000
ABBOTSFORD,July,2017,975073.5714
ABBOTSFORD,August,2017,1245536.889
ABBOTSFORD,September,2017,1024086.4
ABERFELDIE,April,2016,1227816
ABERFELDIE,May,2016,1264728.6
ABERFELDIE,June,2016,1687762
ABERFELDIE,September,2016,1006500
ABERFELDIE,October,2016,1590333.333
ABERFELDIE,November,2016,1009666.667
ABERFELDIE,December,2016,1708333.333
ABERFELDIE,February,2017,1233750
ABERFELDIE,March,2017,955333.3333
ABERFELDIE,April,2017,1263896.429
ABERFELDIE,May,2017,1800833.333
ABERFELDIE,June,2017,858500
ABERFELDIE,July,2017,1169969.333
ABERFELDIE,August,2017,1683333.333
ABERFELDIE,September,2017,1275142.857
AIRPORT WEST,April,2016,746000
AIRPORT WEST,May,2016,655000
AIRPORT WEST,June,2016,465000
AIRPORT WEST,July,2016,626937.5
AIRPORT WEST,August,2016,651166.6667
AIRPORT WEST,September,2016,780125
AIRPORT WEST,October,2016,629833.3333
AIRPORT WEST,November,2016,712062.5
AIRPORT WEST,December,2016,765000
AIRPORT WEST,February,2017,746028.6667
AIRPORT WEST,March,2017,694898.4444
AIRPORT WEST,April,2017,742214.2857
AIRPORT WEST,May,2017,790666.6667
AIRPORT WEST,June,2017,842994.375
AIRPORT WEST,July,2017,708470.1818
AIRPORT WEST,August,2017,804250
AIRPORT WEST,September,2017,777000.125
ALBANVALE,June,2017,529458.5
ALBANVALE,July,2017,555000
ALBANVALE,August,2017,504000
ALBANVALE,September,2017,542458.5
ALBERT PARK,April,2016,2050000
ALBERT PARK,May,2016,1809004.667
ALBERT PARK,June,2016,2042155.6
ALBERT PARK,July,2016,2268000
ALBERT PARK,August,2016,1706622.2
ALBERT PARK,September,2016,1916326.4
ALBERT PARK,October,2016,1901466.6
ALBERT PARK,November,2016,1638155.6
ALBERT PARK,December,2016,1908333.333
ALBERT PARK,February,2017,2079625
ALBERT PARK,March,2017,2099873
ALBERT PARK,April,2017,2093750
ALBERT PARK,May,2017,2157670.9
ALBERT PARK,June,2017,1987708.333
ALBERT PARK,July,2017,2688125
ALBERT PARK,August,2017,2371666.667
ALBERT PARK,September,2017,1841444.5
ALBION,February,2016,765000
ALBION,May,2016,600000
ALBION,June,2016,567000
ALBION,July,2016,325000
ALBION,August,2016,185000
ALBION,September,2016,567500
ALBION,October,2016,657250
ALBION,November,2016,800000
ALBION,December,2016,720000
ALBION,February,2017,591833.3333
ALBION,March,2017,715000
ALBION,April,2017,800000
ALBION,May,2017,537000
ALBION,June,2017,784333.3333
ALBION,July,2017,525750
ALBION,August,2017,665833
ALBION,September,2017,760875
ALPHINGTON,April,2016,1781146
ALPHINGTON,May,2016,768147.75
ALPHINGTON,June,2016,1525000
ALPHINGTON,July,2016,1630000
ALPHINGTON,August,2016,1956823
ALPHINGTON,September,2016,1259397.75
ALPHINGTON,October,2016,1673833.333
ALPHINGTON,November,2016,1374437.5
ALPHINGTON,February,2017,1298430.667
ALPHINGTON,March,2017,1156000
ALPHINGTON,April,2017,1540000
ALPHINGTON,May,2017,963200
ALPHINGTON,June,2017,1795382
ALPHINGTON,July,2017,1623976.6
ALPHINGTON,August,2017,983000
ALPHINGTON,September,2017,1313350
ALTONA,February,2016,720000
ALTONA,April,2016,661666.6667
ALTONA,May,2016,807157.1429
ALTONA,June,2016,1104333.333
ALTONA,July,2016,557800
ALTONA,August,2016,747642.8571
ALTONA,September,2016,647400
ALTONA,October,2016,740400
ALTONA,November,2016,818916.6667
ALTONA,December,2016,1065000
ALTONA,February,2017,705187.1111
ALTONA,March,2017,908666.6667
ALTONA,April,2017,822979.6
ALTONA,May,2017,1193000
ALTONA,June,2017,883755.1429
ALTONA,July,2017,950978.5455
ALTONA,August,2017,871321.4545
ALTONA,September,2017,819681.3333
ALTONA MEADOWS,June,2017,820000
ALTONA MEADOWS,July,2017,559375
ALTONA MEADOWS,August,2017,810000
ALTONA MEADOWS,September,2017,701430.5
ALTONA NORTH,April,2016,590000
ALTONA NORTH,May,2016,712000
ALTONA NORTH,June,2016,703473.8182
ALTONA NORTH,July,2016,750625
ALTONA NORTH,August,2016,701158.7
ALTONA NORTH,September,2016,826601.7143
ALTONA NORTH,October,2016,804750
ALTONA NORTH,November,2016,730537.6923
ALTONA NORTH,December,2016,703319.5
ALTONA NORTH,February,2017,769958.3333
ALTONA NORTH,March,2017,783479.1667
ALTONA NORTH,April,2017,799070.6667
ALTONA NORTH,May,2017,821625
ALTONA NORTH,June,2017,819023.5556
ALTONA NORTH,July,2017,814900.9231
ALTONA NORTH,August,2017,841166.6667
ALTONA NORTH,September,2017,900458.8571
ARDEER,May,2017,651750
ARDEER,June,2017,651750
ARDEER,July,2017,636000
ARDEER,August,2017,730000
ARDEER,September,2017,636166.6667
ARMADALE,April,2016,1894135.8
ARMADALE,May,2016,1646802
ARMADALE,June,2016,1756465
ARMADALE,July,2016,958984.8571
ARMADALE,August,2016,1312012.2
ARMADALE,September,2016,2019815.6
ARMADALE,October,2016,1910187.5
ARMADALE,November,2016,2026238.4
ARMADALE,December,2016,1407513.769
ARMADALE,February,2017,1524586.857
ARMADALE,March,2017,1515272.133
ARMADALE,April,2017,1031830.444
ARMADALE,May,2017,1629191.143
ARMADALE,June,2017,2305438.714
ARMADALE,July,2017,734142.4286
ARMADALE,August,2017,1702781.222
ARMADALE,September,2017,2105063.278
ASCOT VALE,February,2016,895000
ASCOT VALE,April,2016,1159800
ASCOT VALE,May,2016,1025765.714
ASCOT VALE,June,2016,859590.9091
ASCOT VALE,July,2016,1085111.111
ASCOT VALE,August,2016,1121500
ASCOT VALE,September,2016,984075
ASCOT VALE,October,2016,1032624.444
ASCOT VALE,November,2016,1001156
ASCOT VALE,December,2016,953460
ASCOT VALE,February,2017,1018585.714
ASCOT VALE,March,2017,1247666.667
ASCOT VALE,April,2017,1182340
ASCOT VALE,May,2017,1212388.235
ASCOT VALE,June,2017,1190177.5
ASCOT VALE,July,2017,992848
ASCOT VALE,August,2017,1275183.333
ASCOT VALE,September,2017,915261.1111
ASHBURTON,February,2016,1506365
ASHBURTON,April,2016,1471932.5
ASHBURTON,May,2016,1642380.7
ASHBURTON,June,2016,1421818.333
ASHBURTON,July,2016,1440000
ASHBURTON,August,2016,1694825.875
ASHBURTON,September,2016,1914125
ASHBURTON,October,2016,1364800
ASHBURTON,November,2016,1503103.5
ASHBURTON,December,2016,1578961.429
ASHBURTON,February,2017,1712031.125
ASHBURTON,March,2017,1758943.857
ASHBURTON,April,2017,1543277.5
ASHBURTON,May,2017,1796773
ASHBURTON,June,2017,1991655.182
ASHBURTON,July,2017,1464510
ASHBURTON,August,2017,1674563.182
ASHBURTON,September,2017,1497861
ASHWOOD,February,2016,1094856
ASHWOOD,April,2016,997318.25
ASHWOOD,May,2016,1159795.5
ASHWOOD,June,2016,1021942.667
ASHWOOD,July,2016,1192208.5
ASHWOOD,August,2016,1137018.429
ASHWOOD,September,2016,1146530.333
ASHWOOD,October,2016,1401171.2
ASHWOOD,November,2016,1044536.545
ASHWOOD,December,2016,1042942.4
ASHWOOD,February,2017,1156883.4
ASHWOOD,March,2017,1085631
ASHWOOD,April,2017,1117571.429
ASHWOOD,May,2017,1138892.778
ASHWOOD,June,2017,1270000
ASHWOOD,July,2017,1283833.333
ASHWOOD,August,2017,1253333.333
ASHWOOD,September,2017,1154733.4
ASPENDALE,May,2017,1610000
ASPENDALE,June,2017,1040250
ASPENDALE,July,2017,1019694.5
ASPENDALE,August,2017,1495700
ASPENDALE,September,2017,1174223.857
ASPENDALE GARDENS,July,2017,840000
ASPENDALE GARDENS,September,2017,832500
ATTWOOD,June,2017,640000
ATTWOOD,September,2017,640000
AVONDALE HEIGHTS,April,2016,713100
AVONDALE HEIGHTS,May,2016,931657.4444
AVONDALE HEIGHTS,June,2016,977500
AVONDALE HEIGHTS,July,2016,714250
AVONDALE HEIGHTS,August,2016,724677.125
AVONDALE HEIGHTS,September,2016,748611.1111
AVONDALE HEIGHTS,October,2016,794101.8889
AVONDALE HEIGHTS,November,2016,722601.8889
AVONDALE HEIGHTS,December,2016,1061806
AVONDALE HEIGHTS,February,2017,812903.1667
AVONDALE HEIGHTS,March,2017,736000
AVONDALE HEIGHTS,April,2017,952927.125
AVONDALE HEIGHTS,May,2017,932000
AVONDALE HEIGHTS,June,2017,910600
AVONDALE HEIGHTS,July,2017,790318.1818
AVONDALE HEIGHTS,August,2017,869139
AVONDALE HEIGHTS,September,2017,775500
BALACLAVA,May,2016,445286.75
BALACLAVA,June,2016,902642.8
BALACLAVA,July,2016,1284214
BALACLAVA,August,2016,497500
BALACLAVA,September,2016,1181738
BALACLAVA,October,2016,511250
BALACLAVA,November,2016,778333.3333
BALACLAVA,December,2016,410000
BALACLAVA,February,2017,1335500
BALACLAVA,March,2017,589147
BALACLAVA,April,2017,465000
BALACLAVA,May,2017,450000
BALACLAVA,June,2017,882500
BALACLAVA,July,2017,434333.3333
BALACLAVA,August,2017,1004875
BALACLAVA,September,2017,672358.2857
BALWYN,February,2016,450000
BALWYN,April,2016,1576471.667
BALWYN,May,2016,1992105.76
BALWYN,June,2016,2107311.2
BALWYN,July,2016,2120099.556
BALWYN,August,2016,1579518.882
BALWYN,September,2016,1665035.389
BALWYN,October,2016,1695330
BALWYN,November,2016,1919145.19
BALWYN,December,2016,1986409.091
BALWYN,February,2017,2049321
BALWYN,March,2017,2071171.727
BALWYN,April,2017,1296580
BALWYN,May,2017,1408383.333
BALWYN,June,2017,2071806.667
BALWYN,July,2017,2092935
BALWYN,August,2017,1757466.857
BALWYN,September,2017,1993994.222
BALWYN NORTH,April,2016,1916996.154
BALWYN NORTH,May,2016,1582081.815
BALWYN NORTH,June,2016,1782838.84
BALWYN NORTH,July,2016,1657571.778
BALWYN NORTH,August,2016,1830825.227
BALWYN NORTH,September,2016,1707855.588
BALWYN NORTH,October,2016,1835548.929
BALWYN NORTH,November,2016,1627091.44
BALWYN NORTH,December,2016,2004441.25
BALWYN NORTH,February,2017,1646500.111
BALWYN NORTH,March,2017,1814930
BALWYN NORTH,April,2017,1821598.9
BALWYN NORTH,May,2017,1675197.833
BALWYN NORTH,June,2017,1786646.45
BALWYN NORTH,July,2017,1661490.643
BALWYN NORTH,August,2017,2033390.056
BALWYN NORTH,September,2017,1821647.429
BAYSWATER,May,2017,657500
BAYSWATER,June,2017,758418.8
BAYSWATER,July,2017,686333.3333
BAYSWATER,August,2017,630797
BAYSWATER,September,2017,820500
BAYSWATER NORTH,June,2017,741166.5
BAYSWATER NORTH,July,2017,683171.4
BAYSWATER NORTH,August,2017,678857
BAYSWATER NORTH,September,2017,793000
BEACONSFIELD,July,2017,581333.3333
BEACONSFIELD UPPER,June,2017,675000
BEAUMARIS,May,2017,2364375
BEAUMARIS,June,2017,1733458.333
BEAUMARIS,July,2017,1373575
BEAUMARIS,August,2017,1860200.5
BEAUMARIS,September,2017,1682379.167
BELLFIELD,April,2016,770000
BELLFIELD,May,2016,635000
BELLFIELD,June,2016,804867
BELLFIELD,July,2016,752000
BELLFIELD,August,2016,773000
BELLFIELD,September,2016,780000
BELLFIELD,October,2016,890000
BELLFIELD,November,2016,835000
BELLFIELD,December,2016,804867
BELLFIELD,February,2017,720000
BELLFIELD,March,2017,778622.3333
BELLFIELD,April,2017,849433.5
BELLFIELD,May,2017,875500
BELLFIELD,July,2017,850291.5
BELLFIELD,August,2017,852333.3333
BELLFIELD,September,2017,900000
BENTLEIGH,February,2016,1222500
BENTLEIGH,April,2016,1572660.2
BENTLEIGH,May,2016,1291966.833
BENTLEIGH,June,2016,1330413.231
BENTLEIGH,July,2016,1114000
BENTLEIGH,August,2016,1325730.762
BENTLEIGH,September,2016,1155856.579
BENTLEIGH,October,2016,1240767.231
BENTLEIGH,November,2016,1233013.731
BENTLEIGH,December,2016,1259079
BENTLEIGH,February,2017,1406000
BENTLEIGH,March,2017,1158740.077
BENTLEIGH,April,2017,960861.2727
BENTLEIGH,May,2017,1359558.333
BENTLEIGH,June,2017,1330212.083
BENTLEIGH,July,2017,1214500
BENTLEIGH,August,2017,1401079
BENTLEIGH,September,2017,1456156.08
BENTLEIGH EAST,February,2016,788435
BENTLEIGH EAST,April,2016,971800
BENTLEIGH EAST,May,2016,996996.2941
BENTLEIGH EAST,June,2016,981595.8824
BENTLEIGH EAST,July,2016,1067437.5
BENTLEIGH EAST,August,2016,1134945.036
BENTLEIGH EAST,September,2016,1088130.075
BENTLEIGH EAST,October,2016,992755.2143
BENTLEIGH EAST,November,2016,1069963.529
BENTLEIGH EAST,December,2016,1048535.818
BENTLEIGH EAST,February,2017,1133062.429
BENTLEIGH EAST,March,2017,1138301.87
BENTLEIGH EAST,April,2017,1102709.471
BENTLEIGH EAST,May,2017,1191266.853
BENTLEIGH EAST,June,2017,1286987.379
BENTLEIGH EAST,July,2017,1127327
BENTLEIGH EAST,August,2017,1216928.219
BENTLEIGH EAST,September,2017,1182822.242
BERWICK,May,2017,782333.3333
BERWICK,June,2017,649250
BERWICK,July,2017,776821.4286
BERWICK,August,2017,707666.6667
BERWICK,September,2017,894541.6667
BLACK ROCK,May,2017,851750
BLACK ROCK,June,2017,1165333.333
BLACK ROCK,July,2017,907500
BLACK ROCK,August,2017,1386089.25
BLACK ROCK,September,2017,1639214.286
BLACKBURN,June,2017,1363765.444
BLACKBURN,July,2017,1173674.7
BLACKBURN,August,2017,1232546
BLACKBURN,September,2017,1454476.214
BLACKBURN NORTH,June,2017,1029500
BLACKBURN NORTH,July,2017,985055.5
BLACKBURN NORTH,August,2017,1275000
BLACKBURN NORTH,September,2017,1189400
BLACKBURN SOUTH,May,2017,1258000
BLACKBURN SOUTH,June,2017,1111261.167
BLACKBURN SOUTH,July,2017,1025509.571
BLACKBURN SOUTH,August,2017,1097366.714
BLACKBURN SOUTH,September,2017,1095011.167
BONBEACH,June,2017,836000
BONBEACH,August,2017,920000
BONBEACH,September,2017,1211666.667
BORONIA,May,2017,748833
BORONIA,June,2017,752666.5
BORONIA,July,2017,785104.125
BORONIA,August,2017,769333.3333
BORONIA,September,2017,739733.2
BOX HILL,April,2016,1056666.667
BOX HILL,May,2016,1250208.25
BOX HILL,June,2016,1568011.429
BOX HILL,July,2016,1080866.6
BOX HILL,August,2016,832437.3333
BOX HILL,September,2016,1508961.857
BOX HILL,October,2016,1173042.286
BOX HILL,November,2016,1381074.7
BOX HILL,December,2016,1344965.25
BOX HILL,February,2017,1710000
BOX HILL,March,2017,677453.6667
BOX HILL,April,2017,1428687.2
BOX HILL,May,2017,1244047.571
BOX HILL,June,2017,1862666.5
BOX HILL,July,2017,1606953.667
BOX HILL,August,2017,1083143.5
BOX HILL,September,2017,1508572.5
BRAYBROOK,April,2016,664424
BRAYBROOK,May,2016,470000
BRAYBROOK,June,2016,498333.3333
BRAYBROOK,July,2016,684969.6
BRAYBROOK,August,2016,625833.3333
BRAYBROOK,September,2016,689472.25
BRAYBROOK,October,2016,747463
BRAYBROOK,November,2016,689187.5
BRAYBROOK,December,2016,660317.25
BRAYBROOK,February,2017,592000
BRAYBROOK,March,2017,634500
BRAYBROOK,April,2017,692385.7143
BRAYBROOK,May,2017,620333.3333
BRAYBROOK,June,2017,681474.6667
BRAYBROOK,July,2017,625700
BRAYBROOK,August,2017,906884.5
BRAYBROOK,September,2017,738577
BRIAR HILL,May,2017,590000
BRIAR HILL,June,2017,673750
BRIAR HILL,July,2017,840000
BRIAR HILL,August,2017,820000
BRIAR HILL,September,2017,679800
BRIGHTON,April,2016,1658295
BRIGHTON,May,2016,1750894.414
BRIGHTON,June,2016,2023238.385
BRIGHTON,July,2016,1843902.75
BRIGHTON,August,2016,1907993.25
BRIGHTON,September,2016,1832204.3
BRIGHTON,October,2016,1633787.909
BRIGHTON,November,2016,2055336.525
BRIGHTON,December,2016,2246517.333
BRIGHTON,February,2017,1864471.538
BRIGHTON,March,2017,2165168.684
BRIGHTON,April,2017,2499042.471
BRIGHTON,May,2017,2060880.167
BRIGHTON,June,2017,1857148.381
BRIGHTON,July,2017,1573093.385
BRIGHTON,August,2017,2177673.115
BRIGHTON,September,2017,2064011.25
BRIGHTON EAST,April,2016,1701288.4
BRIGHTON EAST,May,2016,1517330.844
BRIGHTON EAST,June,2016,1848318
BRIGHTON EAST,July,2016,909000
BRIGHTON EAST,August,2016,1607005.857
BRIGHTON EAST,September,2016,1646122.964
BRIGHTON EAST,October,2016,1945918.231
BRIGHTON EAST,November,2016,1697061.97
BRIGHTON EAST,December,2016,1633778.941
BRIGHTON EAST,February,2017,1515292.857
BRIGHTON EAST,March,2017,1565665.143
BRIGHTON EAST,April,2017,1583170.3
BRIGHTON EAST,May,2017,1694139.111
BRIGHTON EAST,June,2017,1870254.211
BRIGHTON EAST,July,2017,1225564.333
BRIGHTON EAST,August,2017,1528030.842
BRIGHTON EAST,September,2017,1589846.571
BROADMEADOWS,May,2017,484593.3333
BROADMEADOWS,June,2017,342000
BROADMEADOWS,July,2017,513071.0667
BROADMEADOWS,August,2017,685857.1429
BROADMEADOWS,September,2017,530250
BROOKFIELD,July,2017,456000
BROOKLYN,May,2016,524250
BROOKLYN,June,2016,480000
BROOKLYN,August,2016,719191.5
BROOKLYN,September,2016,488191.5
BROOKLYN,October,2016,610977
BROOKLYN,November,2016,716666.6667
BROOKLYN,December,2016,485000
BROOKLYN,February,2017,543142.75
BROOKLYN,March,2017,790000
BROOKLYN,April,2017,676250
BROOKLYN,May,2017,670999.6667
BROOKLYN,June,2017,820000
BROOKLYN,July,2017,526775
BROOKLYN,September,2017,901000
BRUNSWICK,April,2016,914193.6923
BRUNSWICK,May,2016,854372.0357
BRUNSWICK,June,2016,949002.25
BRUNSWICK,July,2016,1021069.1
BRUNSWICK,August,2016,865091.2857
BRUNSWICK,September,2016,880024.15
BRUNSWICK,October,2016,1017315.875
BRUNSWICK,November,2016,953900.75
BRUNSWICK,December,2016,1026773.125
BRUNSWICK,February,2017,994000
BRUNSWICK,March,2017,1129140.941
BRUNSWICK,April,2017,955500
BRUNSWICK,May,2017,1124804.409
BRUNSWICK,June,2017,1048856.68
BRUNSWICK,July,2017,1078101.2
BRUNSWICK,August,2017,952223
BRUNSWICK,September,2017,901566.2683
BRUNSWICK EAST,April,2016,1023000
BRUNSWICK EAST,May,2016,893183.3571
BRUNSWICK EAST,June,2016,835038.5
BRUNSWICK EAST,July,2016,823400
BRUNSWICK EAST,August,2016,979269.8
BRUNSWICK EAST,September,2016,1041285.714
BRUNSWICK EAST,October,2016,734223.6
BRUNSWICK EAST,November,2016,1078918.625
BRUNSWICK EAST,December,2016,1045623.6
BRUNSWICK EAST,February,2017,675372.6667
BRUNSWICK EAST,March,2017,1008194.143
BRUNSWICK EAST,April,2017,821253.8333
BRUNSWICK EAST,May,2017,882483.4118
BRUNSWICK EAST,June,2017,983889.75
BRUNSWICK EAST,July,2017,745325.4615
BRUNSWICK EAST,August,2017,768602.5833
BRUNSWICK EAST,September,2017,842707.5385
BRUNSWICK WEST,April,2016,879250
BRUNSWICK WEST,May,2016,724722.8889
BRUNSWICK WEST,June,2016,707119.6154
BRUNSWICK WEST,July,2016,925166.6667
BRUNSWICK WEST,August,2016,676187.5
BRUNSWICK WEST,September,2016,796276.25
BRUNSWICK WEST,October,2016,782381.8889
BRUNSWICK WEST,November,2016,869007.9412
BRUNSWICK WEST,December,2016,823618.3333
BRUNSWICK WEST,February,2017,844500
BRUNSWICK WEST,March,2017,674027.8333
BRUNSWICK WEST,April,2017,860354.4444
BRUNSWICK WEST,May,2017,804172.25
BRUNSWICK WEST,June,2017,897652.3333
BRUNSWICK WEST,July,2017,643711.7692
BRUNSWICK WEST,August,2017,1025246.364
BRUNSWICK WEST,September,2017,796850.3846
BULLEEN,April,2016,1150500
BULLEEN,May,2016,1223928.6
BULLEEN,June,2016,1072714.333
BULLEEN,July,2016,1038000
BULLEEN,August,2016,1060771.8
BULLEEN,September,2016,1194428.571
BULLEEN,October,2016,1093469.429
BULLEEN,November,2016,1192648.833
BULLEEN,December,2016,1189444.444
BULLEEN,February,2017,1073333.333
BULLEEN,March,2017,1305000
BULLEEN,April,2017,1144143.6
BULLEEN,May,2017,1074543.143
BULLEEN,June,2017,1193333.333
BULLEEN,July,2017,1210500
BULLEEN,August,2017,1286333.333
BULLEEN,September,2017,1164333.333
BUNDOORA,May,2017,824812.5
BUNDOORA,June,2017,775954.5455
BUNDOORA,July,2017,761470.2667
BUNDOORA,August,2017,867266.6667
BUNDOORA,September,2017,803483.1
BURNLEY,April,2016,881000
BURNLEY,September,2016,1202500
BURNLEY,December,2016,1118005
BURNLEY,February,2017,1435000
BURNLEY,May,2017,1837500
BURNLEY,June,2017,1100000
BURNLEY,August,2017,370000
BURNLEY,September,2017,370000
BURNSIDE,August,2017,599375
BURNSIDE,September,2017,657500
BURNSIDE HEIGHTS,May,2017,586500
BURNSIDE HEIGHTS,June,2017,527200
BURNSIDE HEIGHTS,July,2017,535000
BURNSIDE HEIGHTS,August,2017,603000
BURNSIDE HEIGHTS,September,2017,617500
BURWOOD,February,2016,1453000
BURWOOD,April,2016,1449832.333
BURWOOD,May,2016,1209138
BURWOOD,June,2016,1156188.19
BURWOOD,July,2016,813033
BURWOOD,August,2016,1042147.571
BURWOOD,September,2016,1063857.75
BURWOOD,October,2016,1387721.5
BURWOOD,November,2016,1244069.636
BURWOOD,December,2016,1369233.545
BURWOOD,February,2017,1186954.4
BURWOOD,March,2017,1192990.133
BURWOOD,April,2017,1241038.333
BURWOOD,May,2017,1217113.263
BURWOOD,June,2017,1090985
BURWOOD,July,2017,1399921.167
BURWOOD,August,2017,1335377
BURWOOD,September,2017,1353821.364
BURWOOD EAST,May,2017,780000
BURWOOD EAST,June,2017,1149496.333
BURWOOD EAST,July,2017,1166116.857
BURWOOD EAST,August,2017,1000000
BURWOOD EAST,September,2017,1010508.222
CAIRNLEA,May,2017,720000
CAIRNLEA,June,2017,724100
CAIRNLEA,July,2017,656640
CAIRNLEA,August,2017,560000
CAIRNLEA,September,2017,716833.5
CAMBERWELL,April,2016,1618702.444
CAMBERWELL,May,2016,2278600.407
CAMBERWELL,June,2016,1528848.667
CAMBERWELL,July,2016,1175859.6
CAMBERWELL,August,2016,2174429.261
CAMBERWELL,September,2016,2031818.765
CAMBERWELL,October,2016,1931758.727
CAMBERWELL,November,2016,1510308.96
CAMBERWELL,December,2016,1960128.688
CAMBERWELL,February,2017,2140156.4
CAMBERWELL,March,2017,1994653.905
CAMBERWELL,April,2017,1388153.545
CAMBERWELL,May,2017,2321166.931
CAMBERWELL,June,2017,1818597.75
CAMBERWELL,July,2017,1267067.786
CAMBERWELL,August,2017,1928011.533
CAMBERWELL,September,2017,2050647.731
CAMPBELLFIELD,August,2017,650000
CANTERBURY,January,2016,2778864
CANTERBURY,April,2016,1317237.5
CANTERBURY,May,2016,3077349
CANTERBURY,June,2016,1134080
CANTERBURY,July,2016,1421593.75
CANTERBURY,August,2016,2944279.667
CANTERBURY,September,2016,1859539.833
CANTERBURY,October,2016,2350644
CANTERBURY,November,2016,2118858
CANTERBURY,December,2016,2660973.167
CANTERBURY,February,2017,3289432
CANTERBURY,March,2017,2409025.375
CANTERBURY,April,2017,2014000
CANTERBURY,May,2017,3098144.727
CANTERBURY,June,2017,1937691.286
CANTERBURY,July,2017,816000
CANTERBURY,August,2017,2319074
CANTERBURY,September,2017,2382418.083
CARLTON,April,2016,1199898.667
CARLTON,May,2016,1007103.167
CARLTON,June,2016,1096666.667
CARLTON,July,2016,778500
CARLTON,August,2016,1054142.857
CARLTON,September,2016,1355000
CARLTON,October,2016,880000
CARLTON,November,2016,817333.3333
CARLTON,December,2016,921111
CARLTON,February,2017,2160500
CARLTON,March,2017,1032087
CARLTON,April,2017,876250
CARLTON,May,2017,947782.6667
CARLTON,June,2017,1046666.5
CARLTON,July,2017,921253.625
CARLTON,August,2017,1206087
CARLTON,September,2017,845366
CARLTON NORTH,April,2016,1867000
CARLTON NORTH,May,2016,1967350
CARLTON NORTH,June,2016,725000
CARLTON NORTH,July,2016,1401916.5
CARLTON NORTH,August,2016,1397111
CARLTON NORTH,September,2016,1116611
CARLTON NORTH,October,2016,1047500
CARLTON NORTH,November,2016,2400000
CARLTON NORTH,December,2016,1128625
CARLTON NORTH,February,2017,1623111
CARLTON NORTH,March,2017,1555291.625
CARLTON NORTH,April,2017,550000
CARLTON NORTH,May,2017,1537908.3
CARLTON NORTH,June,2017,1881700
CARLTON NORTH,July,2017,1213333.333
CARLTON NORTH,August,2017,1585666.5
CARLTON NORTH,September,2017,1144266.6
CARNEGIE,April,2016,981867.3
CARNEGIE,May,2016,1049722.412
CARNEGIE,June,2016,649764.7059
CARNEGIE,July,2016,696650
CARNEGIE,August,2016,890443.1429
CARNEGIE,September,2016,1036666.667
CARNEGIE,October,2016,562964.5
CARNEGIE,November,2016,914550.4444
CARNEGIE,December,2016,1026515.875
CARNEGIE,February,2017,1004118.182
CARNEGIE,March,2017,849153.8667
CARNEGIE,April,2017,759795.4
CARNEGIE,May,2017,1020796.933
CARNEGIE,June,2017,1083617.933
CARNEGIE,July,2017,909600.9474
CARNEGIE,August,2017,817414.8571
CARNEGIE,September,2017,995520
CAROLINE SPRINGS,May,2017,545444
CAROLINE SPRINGS,June,2017,778333.3333
CAROLINE SPRINGS,July,2017,519666.6667
CAROLINE SPRINGS,August,2017,785000
CAROLINE SPRINGS,September,2017,646000
CARRUM,May,2017,885000
CARRUM,June,2017,758238.1667
CARRUM,July,2017,650000
CARRUM,August,2017,685000
CARRUM,September,2017,721750
CARRUM DOWNS,May,2017,532500
CARRUM DOWNS,June,2017,550486
CARRUM DOWNS,July,2017,510166.6667
CARRUM DOWNS,August,2017,561375
CARRUM DOWNS,September,2017,559250
CAULFIELD,April,2016,1220000
CAULFIELD,June,2016,1090000
CAULFIELD,September,2016,722500
CAULFIELD,November,2016,638000
CAULFIELD,December,2016,1146656
CAULFIELD,February,2017,131000
CAULFIELD,March,2017,436500
CAULFIELD,April,2017,496656
CAULFIELD,May,2017,552500
CAULFIELD,June,2017,730500
CAULFIELD,August,2017,1070000
CAULFIELD,September,2017,341000
CAULFIELD EAST,May,2016,555000
CAULFIELD EAST,June,2016,1315000
CAULFIELD EAST,July,2016,1335000
CAULFIELD EAST,October,2016,1300000
CAULFIELD EAST,December,2016,620000
CAULFIELD EAST,February,2017,1000000
CAULFIELD EAST,May,2017,650926
CAULFIELD EAST,June,2017,350000
CAULFIELD EAST,July,2017,1550000
CAULFIELD EAST,September,2017,1011694.5
CAULFIELD NORTH,May,2016,1215833.333
CAULFIELD NORTH,August,2016,1030166.667
CAULFIELD NORTH,September,2016,865093
CAULFIELD NORTH,October,2016,2115000
CAULFIELD NORTH,November,2016,542000
CAULFIELD NORTH,December,2016,984333.3333
CAULFIELD NORTH,February,2017,1245800
CAULFIELD NORTH,March,2017,844522.25
CAULFIELD NORTH,April,2017,532500
CAULFIELD NORTH,May,2017,1368179.125
CAULFIELD NORTH,June,2017,901081.8333
CAULFIELD NORTH,July,2017,564904.6667
CAULFIELD NORTH,August,2017,1542500
CAULFIELD NORTH,September,2017,1080000
CAULFIELD SOUTH,April,2016,1043500
CAULFIELD SOUTH,May,2016,1447386.182
CAULFIELD SOUTH,July,2016,1197232.5
CAULFIELD SOUTH,August,2016,1021666.667
CAULFIELD SOUTH,September,2016,1296985
CAULFIELD SOUTH,October,2016,875500
CAULFIELD SOUTH,November,2016,1016576.333
CAULFIELD SOUTH,December,2016,1016973.75
CAULFIELD SOUTH,February,2017,1380801.833
CAULFIELD SOUTH,March,2017,1556848.75
CAULFIELD SOUTH,April,2017,965666.6667
CAULFIELD SOUTH,May,2017,1232342.143
CAULFIELD SOUTH,June,2017,1012700
CAULFIELD SOUTH,July,2017,1176000
CAULFIELD SOUTH,August,2017,1320749.714
CAULFIELD SOUTH,September,2017,1301700
CHADSTONE,February,2016,890000
CHADSTONE,April,2016,916500
CHADSTONE,May,2016,1030364.8
CHADSTONE,June,2016,882875
CHADSTONE,July,2016,1421706
CHADSTONE,August,2016,996132.4
CHADSTONE,September,2016,856133.4
CHADSTONE,October,2016,861040.5
CHADSTONE,November,2016,1038616.2
CHADSTONE,December,2016,1136375
CHADSTONE,February,2017,1064720.667
CHADSTONE,March,2017,934409
CHADSTONE,April,2017,977564.8
CHADSTONE,May,2017,914110.3333
CHADSTONE,June,2017,896875
CHADSTONE,July,2017,988018.5
CHADSTONE,August,2017,1035687.5
CHADSTONE,September,2017,1023016.444
CHELSEA,May,2017,600000
CHELSEA,June,2017,654333.3333
CHELSEA,July,2017,796333.3333
CHELSEA,August,2017,879167
CHELSEA,September,2017,905666.8
CHELSEA HEIGHTS,May,2017,691750
CHELSEA HEIGHTS,June,2017,732000
CHELSEA HEIGHTS,July,2017,835500
CHELSEA HEIGHTS,August,2017,717500
CHELSEA HEIGHTS,September,2017,805500
CHELTENHAM,May,2017,949733.1429
CHELTENHAM,June,2017,999157.8947
CHELTENHAM,July,2017,975752.7692
CHELTENHAM,August,2017,1066313.2
CHELTENHAM,September,2017,1000646.833
CHIRNSIDE PARK,May,2017,911982
CLARINDA,July,2017,852000
CLARINDA,August,2017,971433.3333
CLARINDA,September,2017,850000
CLAYTON,May,2017,975666.5
CLAYTON,June,2017,1149354.4
CLAYTON,July,2017,1220487.8
CLAYTON,August,2017,1055672.25
CLAYTON,September,2017,1666296
CLAYTON SOUTH,May,2017,1016666.667
CLAYTON SOUTH,June,2017,792500
CLAYTON SOUTH,July,2017,517500
CLAYTON SOUTH,August,2017,804711.5
CLAYTON SOUTH,September,2017,843437.5
CLIFTON HILL,May,2016,934173.6667
CLIFTON HILL,June,2016,946280.5
CLIFTON HILL,July,2016,1118887.333
CLIFTON HILL,August,2016,820000
CLIFTON HILL,September,2016,1269171.429
CLIFTON HILL,October,2016,1624107.25
CLIFTON HILL,November,2016,1128145.857
CLIFTON HILL,December,2016,1015666.667
CLIFTON HILL,February,2017,1550112.5
CLIFTON HILL,March,2017,1302360
CLIFTON HILL,April,2017,1041800
CLIFTON HILL,May,2017,1149418.417
CLIFTON HILL,June,2017,1193605.5
CLIFTON HILL,July,2017,1037204.2
CLIFTON HILL,August,2017,1566750
CLIFTON HILL,September,2017,1226200
COBURG,February,2016,675000
COBURG,April,2016,749722.2222
COBURG,May,2016,869829.0625
COBURG,June,2016,846128.6957
COBURG,July,2016,918276.5
COBURG,August,2016,832564.25
COBURG,September,2016,851823.6
COBURG,October,2016,902360
COBURG,November,2016,938780.7143
COBURG,December,2016,956870.6667
COBURG,February,2017,879209.6667
COBURG,March,2017,1001181.429
COBURG,April,2017,951046.8235
COBURG,May,2017,927263.8095
COBURG,June,2017,984378.8889
COBURG,July,2017,907015.3125
COBURG,August,2017,922954.5455
COBURG,September,2017,940624.0385
COBURG NORTH,April,2016,614336
COBURG NORTH,May,2016,723072.125
COBURG NORTH,June,2016,809418.5
COBURG NORTH,July,2016,784000
COBURG NORTH,August,2016,685074.5714
COBURG NORTH,September,2016,792975.8333
COBURG NORTH,October,2016,749166.6667
COBURG NORTH,November,2016,857000
COBURG NORTH,December,2016,817751.8333
COBURG NORTH,February,2017,730255.5
COBURG NORTH,March,2017,738196.5385
COBURG NORTH,April,2017,827561.6667
COBURG NORTH,May,2017,784431.7143
COBURG NORTH,June,2017,785820.75
COBURG NORTH,July,2017,805472.1667
COBURG NORTH,August,2017,705000
COBURG NORTH,September,2017,927251.8333
COLLINGWOOD,April,2016,1272500
COLLINGWOOD,May,2016,926785.7143
COLLINGWOOD,June,2016,901189
COLLINGWOOD,July,2016,562333.3333
COLLINGWOOD,August,2016,857318.5
COLLINGWOOD,September,2016,912888.8889
COLLINGWOOD,October,2016,994400
COLLINGWOOD,November,2016,765237.8
COLLINGWOOD,December,2016,1080594.5
COLLINGWOOD,February,2017,1015000
COLLINGWOOD,March,2017,820727.7857
COLLINGWOOD,April,2017,962625.8889
COLLINGWOOD,May,2017,1056430.5
COLLINGWOOD,June,2017,959519
COLLINGWOOD,July,2017,871657.1429
COLLINGWOOD,August,2017,575000
COLLINGWOOD,September,2017,922955.5714
COOLAROO,June,2017,390000
COOLAROO,July,2017,455000
COOLAROO,August,2017,460000
COOLAROO,September,2017,457000
CRAIGIEBURN,May,2017,570388.8889
CRAIGIEBURN,June,2017,523137.7727
CRAIGIEBURN,July,2017,566907.7857
CRAIGIEBURN,August,2017,565282.6818
CRAIGIEBURN,September,2017,554745.0455
CRANBOURNE,July,2017,572000
CRANBOURNE,August,2017,577502
CRANBOURNE NORTH,June,2017,585000
CRANBOURNE NORTH,July,2017,585000
CREMORNE,May,2016,1249833.5
CREMORNE,June,2016,1208333.333
CREMORNE,July,2016,933927.2
CREMORNE,August,2016,425000
CREMORNE,September,2016,1040000
CREMORNE,October,2016,813666.6667
CREMORNE,November,2016,1031992.25
CREMORNE,March,2017,650234.5
CREMORNE,April,2017,855000
CREMORNE,May,2017,1057666.667
CREMORNE,September,2017,1317083.5
CROYDON,May,2017,752195.2
CROYDON,June,2017,870070.0833
CROYDON,July,2017,824329.5
CROYDON,August,2017,860826.8182
CROYDON,September,2017,1041774.077
CROYDON HILLS,May,2017,870250
CROYDON HILLS,June,2017,860500
CROYDON HILLS,July,2017,940208.3333
CROYDON HILLS,September,2017,907000
CROYDON NORTH,May,2017,810000
CROYDON NORTH,June,2017,805375
CROYDON NORTH,July,2017,810000
CROYDON NORTH,August,2017,766000
CROYDON NORTH,September,2017,799000
CROYDON SOUTH,May,2017,800000
CROYDON SOUTH,September,2017,1020000
DALLAS,June,2017,359250
DALLAS,July,2017,439595.3333
DALLAS,August,2017,475000
DALLAS,September,2017,501000
DANDENONG,May,2017,612500
DANDENONG,June,2017,789833.3333
DANDENONG,July,2017,617106
DANDENONG,August,2017,568527.2
DANDENONG,September,2017,484192
DANDENONG NORTH,May,2017,623773
DANDENONG NORTH,June,2017,599621.2
DANDENONG NORTH,July,2017,666043.625
DANDENONG NORTH,August,2017,662166.5
DANDENONG NORTH,September,2017,584654.6
DEEPDENE,August,2017,1715000
DEER PARK,May,2017,508500
DEER PARK,June,2017,670333.3333
DEER PARK,July,2017,572500
DEER PARK,August,2017,590344.4
DEER PARK,September,2017,602098.4545
DELAHEY,June,2017,505000
DELAHEY,July,2017,538333.3333
DELAHEY,August,2017,475000
DELAHEY,September,2017,563875
DERRIMUT,May,2017,610000
DERRIMUT,July,2017,805000
DERRIMUT,September,2017,772500
DIAMOND CREEK,June,2017,588000
DIAMOND CREEK,July,2017,624666.6667
DIAMOND CREEK,August,2017,817666.6667
DIAMOND CREEK,September,2017,865250
DIGGERS REST,May,2017,435000
DIGGERS REST,August,2017,506000
DINGLEY VILLAGE,May,2017,925000
DINGLEY VILLAGE,June,2017,915333.3333
DINGLEY VILLAGE,July,2017,800057.1429
DINGLEY VILLAGE,August,2017,873000
DINGLEY VILLAGE,September,2017,1055812.5
DOCKLANDS,August,2016,1370000
DOCKLANDS,September,2016,1370000
DOCKLANDS,December,2016,360000
DOCKLANDS,April,2017,360000
DOCKLANDS,June,2017,1370000
DOCKLANDS,September,2017,360000
DONCASTER,February,2016,1320000
DONCASTER,April,2016,1119238.333
DONCASTER,May,2016,1203670.385
DONCASTER,June,2016,1172979.188
DONCASTER,July,2016,1130100
DONCASTER,August,2016,928509.875
DONCASTER,September,2016,1371525.083
DONCASTER,October,2016,993786.8571
DONCASTER,November,2016,1227812.435
DONCASTER,December,2016,1203393.929
DONCASTER,February,2017,1266052.875
DONCASTER,March,2017,1263065.111
DONCASTER,April,2017,1376076.438
DONCASTER,May,2017,1167705.8
DONCASTER,June,2017,1320226.25
DONCASTER,July,2017,1213548.833
DONCASTER,August,2017,1081513.167
DONCASTER,September,2017,1366101.917
DONCASTER EAST,May,2017,1491857.143
DONCASTER EAST,June,2017,1364110.25
DONCASTER EAST,July,2017,1353430.556
DONCASTER EAST,August,2017,1191340.1
DONCASTER EAST,September,2017,1318629.857
DONVALE,May,2017,1877700
DONVALE,June,2017,991312.5
DONVALE,July,2017,1061987.556
DONVALE,August,2017,1297333.333
DONVALE,September,2017,888166.6667
DOREEN,June,2017,494500
DOREEN,July,2017,530500
DOREEN,August,2017,472000
DOREEN,September,2017,481000
DOVETON,June,2017,509545.3333
DOVETON,July,2017,475386.3333
DOVETON,August,2017,454000
DOVETON,September,2017,517250
EAGLEMONT,April,2016,600000
EAGLEMONT,May,2016,525000
EAGLEMONT,June,2016,1711733.333
EAGLEMONT,July,2016,1125500
EAGLEMONT,August,2016,2221333.333
EAGLEMONT,September,2016,1838505.5
EAGLEMONT,October,2016,1990000
EAGLEMONT,November,2016,1748671.429
EAGLEMONT,December,2016,1059000
EAGLEMONT,February,2017,1435200
EAGLEMONT,March,2017,2850000
EAGLEMONT,April,2017,2072600
EAGLEMONT,May,2017,1750000
EAGLEMONT,June,2017,1510000
EAGLEMONT,July,2017,2054375
EAGLEMONT,August,2017,2051250
EAGLEMONT,September,2017,1218500
EAST MELBOURNE,May,2016,682500
EAST MELBOURNE,June,2016,1912000
EAST MELBOURNE,July,2016,1935000
EAST MELBOURNE,August,2016,948178.5714
EAST MELBOURNE,September,2016,565000
EAST MELBOURNE,October,2016,1051666.667
EAST MELBOURNE,November,2016,1912000
EAST MELBOURNE,December,2016,2553625
EAST MELBOURNE,February,2017,865187.5
EAST MELBOURNE,April,2017,925750
EAST MELBOURNE,May,2017,2542500
EAST MELBOURNE,June,2017,1666700
EAST MELBOURNE,July,2017,859050
EAST MELBOURNE,August,2017,801750
EAST MELBOURNE,September,2017,1857333.333
EDITHVALE,May,2017,1079166.667
EDITHVALE,June,2017,816516.6667
EDITHVALE,July,2017,941330
EDITHVALE,August,2017,990000
EDITHVALE,September,2017,832375
ELSTERNWICK,April,2016,1370400
ELSTERNWICK,May,2016,1055302.25
ELSTERNWICK,June,2016,1595299.25
ELSTERNWICK,August,2016,1807208.857
ELSTERNWICK,September,2016,928241.5
ELSTERNWICK,October,2016,1305985.667
ELSTERNWICK,November,2016,1439933
ELSTERNWICK,December,2016,1041125
ELSTERNWICK,March,2017,1545276
ELSTERNWICK,April,2017,923500
ELSTERNWICK,May,2017,1284922.429
ELSTERNWICK,June,2017,888745.2
ELSTERNWICK,July,2017,1105750
ELSTERNWICK,August,2017,1642200
ELSTERNWICK,September,2017,1250000
ELTHAM,May,2017,855000
ELTHAM,June,2017,883440.9
ELTHAM,July,2017,848000
ELTHAM,August,2017,895428.5714
ELTHAM,September,2017,894204.5
ELTHAM NORTH,May,2017,899148
ELTHAM NORTH,June,2017,896236
ELTHAM NORTH,July,2017,836400
ELTHAM NORTH,August,2017,927965.4286
ELTHAM NORTH,September,2017,902820.3333
ELWOOD,February,2016,1395000
ELWOOD,April,2016,927750
ELWOOD,May,2016,1202869.667
ELWOOD,June,2016,1103988.533
ELWOOD,July,2016,811815.5714
ELWOOD,August,2016,827995.875
ELWOOD,September,2016,968446.2353
ELWOOD,October,2016,629569.7143
ELWOOD,November,2016,1175118.931
ELWOOD,December,2016,758973.9167
ELWOOD,February,2017,760015.9286
ELWOOD,March,2017,987694.2
ELWOOD,April,2017,1107526.444
ELWOOD,May,2017,1219399.714
ELWOOD,June,2017,895012.9333
ELWOOD,July,2017,754285.4
ELWOOD,August,2017,1399699.5
ELWOOD,September,2017,1174356.056
EMERALD,July,2017,655000
ENDEAVOUR HILLS,July,2017,692916.6667
ENDEAVOUR HILLS,August,2017,580000
ENDEAVOUR HILLS,September,2017,655000
EPPING,May,2017,494250
EPPING,June,2017,597279.6
EPPING,July,2017,575345.52
EPPING,August,2017,589035.7143
EPPING,September,2017,567111.1111
ESSENDON,February,2016,911000
ESSENDON,April,2016,870500
ESSENDON,May,2016,1015178.278
ESSENDON,June,2016,920768.5
ESSENDON,July,2016,1224285.714
ESSENDON,August,2016,939982.8824
ESSENDON,September,2016,963700
ESSENDON,October,2016,1074837
ESSENDON,November,2016,1148263.852
ESSENDON,December,2016,1069060.692
ESSENDON,February,2017,1309050
ESSENDON,March,2017,1137816.4
ESSENDON,April,2017,873559.5
ESSENDON,May,2017,1090830.862
ESSENDON,June,2017,1009362.304
ESSENDON,July,2017,895916.6667
ESSENDON,August,2017,1418769.231
ESSENDON,September,2017,1110896.571
ESSENDON NORTH,May,2016,885000
ESSENDON NORTH,June,2016,960000
ESSENDON NORTH,July,2016,535038
ESSENDON NORTH,August,2016,872500
ESSENDON NORTH,September,2016,396000
ESSENDON NORTH,November,2016,765000
ESSENDON NORTH,February,2017,1425000
ESSENDON NORTH,March,2017,1360000
ESSENDON NORTH,April,2017,775700
ESSENDON NORTH,May,2017,651666.6667
ESSENDON NORTH,June,2017,663666.6667
ESSENDON NORTH,July,2017,1160000
ESSENDON NORTH,August,2017,933833.5
ESSENDON NORTH,September,2017,967200
ESSENDON WEST,April,2016,1003605
ESSENDON WEST,May,2016,1152468.75
ESSENDON WEST,June,2016,895121
ESSENDON WEST,July,2016,1078333.333
ESSENDON WEST,August,2016,906802.5
ESSENDON WEST,September,2016,966201.6667
ESSENDON WEST,October,2016,668750
ESSENDON WEST,November,2016,1030368.333
ESSENDON WEST,December,2016,1077500
ESSENDON WEST,February,2017,1003605
ESSENDON WEST,May,2017,1253666.667
ESSENDON WEST,June,2017,1390000
ESSENDON WEST,July,2017,1373718.75
ESSENDON WEST,September,2017,950000
FAIRFIELD,April,2016,1065000
FAIRFIELD,May,2016,1050158.571
FAIRFIELD,June,2016,1226361
FAIRFIELD,August,2016,1027800
FAIRFIELD,September,2016,1066456.375
FAIRFIELD,October,2016,1004666.667
FAIRFIELD,November,2016,980763.8333
FAIRFIELD,December,2016,801666.6667
FAIRFIELD,February,2017,1028791.5
FAIRFIELD,March,2017,1082802.4
FAIRFIELD,April,2017,1327583
FAIRFIELD,May,2017,1285727.8
FAIRFIELD,June,2017,1021159.75
FAIRFIELD,July,2017,1216666.667
FAIRFIELD,August,2017,930000
FAIRFIELD,September,2017,1170051.2
FAWKNER,February,2016,645000
FAWKNER,April,2016,627864
FAWKNER,May,2016,581802.5455
FAWKNER,June,2016,582455.6
FAWKNER,July,2016,576840.25
FAWKNER,August,2016,580208
FAWKNER,September,2016,638175.4286
FAWKNER,October,2016,558427.75
FAWKNER,November,2016,624941.8824
FAWKNER,December,2016,656892.8
FAWKNER,February,2017,711000
FAWKNER,March,2017,640375
FAWKNER,April,2017,615940.6154
FAWKNER,May,2017,740681.6154
FAWKNER,June,2017,740758.6667
FAWKNER,July,2017,726600
FAWKNER,August,2017,743333.3333
FAWKNER,September,2017,652354.5
FERNTREE GULLY,May,2017,643500
FERNTREE GULLY,June,2017,852100
FERNTREE GULLY,July,2017,887980.7273
FERNTREE GULLY,August,2017,770166.6667
FERNTREE GULLY,September,2017,788620
FITZROY,April,2016,1268608
FITZROY,May,2016,1057730
FITZROY,June,2016,853664.8
FITZROY,July,2016,1058828.75
FITZROY,August,2016,1595857.143
FITZROY,September,2016,1370728
FITZROY,November,2016,1438081.5
FITZROY,February,2017,364000
FITZROY,March,2017,1068882.667
FITZROY,April,2017,1188611.222
FITZROY,May,2017,1447925.929
FITZROY,June,2017,1364927.429
FITZROY,July,2017,641500
FITZROY,August,2017,1753487.308
FITZROY,September,2017,1561750
FITZROY NORTH,April,2016,1260286.4
FITZROY NORTH,May,2016,1780583.333
FITZROY NORTH,June,2016,767500
FITZROY NORTH,July,2016,1780733.333
FITZROY NORTH,August,2016,1104135.375
FITZROY NORTH,September,2016,1157662.889
FITZROY NORTH,October,2016,1254841.5
FITZROY NORTH,November,2016,1281622.167
FITZROY NORTH,December,2016,1249500
FITZROY NORTH,February,2017,1320558.5
FITZROY NORTH,March,2017,1142805.077
FITZROY NORTH,April,2017,1072073
FITZROY NORTH,May,2017,1227457.444
FITZROY NORTH,June,2017,1341847.429
FITZROY NORTH,July,2017,1186995.143
FITZROY NORTH,August,2017,1350135
FITZROY NORTH,September,2017,1406733.4
FLEMINGTON,April,2016,685333.3333
FLEMINGTON,May,2016,1025833.333
FLEMINGTON,June,2016,722500
FLEMINGTON,July,2016,453000
FLEMINGTON,August,2016,1065809.2
FLEMINGTON,September,2016,895337.1667
FLEMINGTON,October,2016,786500
FLEMINGTON,November,2016,672360.5714
FLEMINGTON,December,2016,533250
FLEMINGTON,February,2017,509254
FLEMINGTON,March,2017,482500
FLEMINGTON,April,2017,854485.6
FLEMINGTON,May,2017,890375
FLEMINGTON,June,2017,1489130.75
FLEMINGTON,July,2017,752500
FLEMINGTON,August,2017,992652.4
FLEMINGTON,September,2017,907187.5
FOOTSCRAY,February,2016,216000
FOOTSCRAY,April,2016,612373
FOOTSCRAY,May,2016,622601.8462
FOOTSCRAY,June,2016,615135.3571
FOOTSCRAY,July,2016,725661.9167
FOOTSCRAY,August,2016,754060.0769
FOOTSCRAY,September,2016,580713.5385
FOOTSCRAY,October,2016,648444.4444
FOOTSCRAY,November,2016,683907.9167
FOOTSCRAY,December,2016,865846.8333
FOOTSCRAY,February,2017,674013.2222
FOOTSCRAY,March,2017,593816.2
FOOTSCRAY,April,2017,894190.0833
FOOTSCRAY,May,2017,702226.1667
FOOTSCRAY,June,2017,624844.7
FOOTSCRAY,July,2017,685202.5294
FOOTSCRAY,August,2017,816000
FOOTSCRAY,September,2017,593900.3571
FOREST HILL,May,2017,886071.5
FOREST HILL,June,2017,982655.7143
FOREST HILL,July,2017,1017755.625
FOREST HILL,August,2017,949077.8571
FOREST HILL,September,2017,974247.7273
FRANKSTON,May,2017,649756.4
FRANKSTON,June,2017,735515.1111
FRANKSTON,July,2017,582532.4
FRANKSTON,August,2017,583000
FRANKSTON,September,2017,702600
FRANKSTON NORTH,June,2017,452000
FRANKSTON NORTH,July,2017,564500
FRANKSTON NORTH,August,2017,493000
FRANKSTON NORTH,September,2017,474500
FRANKSTON SOUTH,May,2017,1247377.8
FRANKSTON SOUTH,June,2017,860000
FRANKSTON SOUTH,July,2017,979666.6667
FRANKSTON SOUTH,August,2017,1062428.571
FRANKSTON SOUTH,September,2017,1146333.333
GARDENVALE,May,2016,393000
GARDENVALE,June,2016,440000
GARDENVALE,August,2016,2200000
GARDENVALE,November,2016,595000
GARDENVALE,February,2017,1250000
GARDENVALE,April,2017,1250000
GISBORNE,May,2017,470000
GISBORNE,June,2017,621000
GISBORNE,July,2017,584666.6667
GISBORNE,August,2017,775000
GISBORNE,September,2017,647366.6
GLADSTONE PARK,May,2017,668333.3333
GLADSTONE PARK,June,2017,691800
GLADSTONE PARK,July,2017,659200
GLADSTONE PARK,August,2017,622825
GLADSTONE PARK,September,2017,654500
GLEN HUNTLY,May,2016,718125
GLEN HUNTLY,June,2016,561750
GLEN HUNTLY,July,2016,640000
GLEN HUNTLY,August,2016,2575000
GLEN HUNTLY,September,2016,612500
GLEN HUNTLY,October,2016,820333.3333
GLEN HUNTLY,November,2016,820333.3333
GLEN HUNTLY,December,2016,780000
GLEN HUNTLY,February,2017,542500
GLEN HUNTLY,March,2017,1711000
GLEN HUNTLY,April,2017,534750
GLEN HUNTLY,May,2017,521250
GLEN HUNTLY,June,2017,1880000
GLEN HUNTLY,July,2017,450000
GLEN HUNTLY,August,2017,442000
GLEN HUNTLY,September,2017,590935.1667
GLEN IRIS,April,2016,1732183.2
GLEN IRIS,May,2016,1784125.5
GLEN IRIS,June,2016,1499693.667
GLEN IRIS,July,2016,1326899.583
GLEN IRIS,August,2016,1668100.533
GLEN IRIS,September,2016,1724711.357
GLEN IRIS,October,2016,1556856.8
GLEN IRIS,November,2016,1688363.667
GLEN IRIS,December,2016,1672982.75
GLEN IRIS,February,2017,1672224.308
GLEN IRIS,March,2017,1829573.19
GLEN IRIS,April,2017,1464348.75
GLEN IRIS,May,2017,1707549.303
GLEN IRIS,June,2017,1926305.048
GLEN IRIS,July,2017,1090678.176
GLEN IRIS,August,2017,1707477.458
GLEN IRIS,September,2017,1485344.75
GLEN WAVERLEY,May,2017,1205484
GLEN WAVERLEY,June,2017,1467769.643
GLEN WAVERLEY,July,2017,1304300.88
GLEN WAVERLEY,August,2017,1220833.833
GLEN WAVERLEY,September,2017,1347853.079
GLENROY,April,2016,529840.5
GLENROY,May,2016,550736.2
GLENROY,June,2016,614375.25
GLENROY,July,2016,596834.8571
GLENROY,August,2016,631961.5385
GLENROY,September,2016,603749.6538
GLENROY,October,2016,580401.375
GLENROY,November,2016,596749.5517
GLENROY,December,2016,662719.3333
GLENROY,February,2017,622790
GLENROY,March,2017,660114.5882
GLENROY,April,2017,726074.875
GLENROY,May,2017,697748.375
GLENROY,June,2017,692158.5333
GLENROY,July,2017,664565.44
GLENROY,August,2017,669541.6667
GLENROY,September,2017,719345.48
GOWANBRAE,April,2016,525000
GOWANBRAE,May,2016,713134
GOWANBRAE,June,2016,632500
GOWANBRAE,July,2016,730000
GOWANBRAE,August,2016,552000
GOWANBRAE,September,2016,593185.3333
GOWANBRAE,November,2016,671250
GOWANBRAE,December,2016,550000
GOWANBRAE,February,2017,626000
GOWANBRAE,March,2017,660333.3333
GOWANBRAE,April,2017,797000
GOWANBRAE,May,2017,990000
GOWANBRAE,June,2017,882500
GOWANBRAE,July,2017,900000
GOWANBRAE,August,2017,793000
GOWANBRAE,September,2017,740000
GREENSBOROUGH,May,2017,743113.75
GREENSBOROUGH,June,2017,927545.4545
GREENSBOROUGH,July,2017,821384.5714
GREENSBOROUGH,August,2017,788774.2143
GREENSBOROUGH,September,2017,815647.7647
GREENVALE,May,2017,735239.4286
GREENVALE,June,2017,805050
GREENVALE,July,2017,645951.3333
GREENVALE,August,2017,749000
GREENVALE,September,2017,747562.4444
HADFIELD,April,2016,510000
HADFIELD,May,2016,519400
HADFIELD,June,2016,651289.875
HADFIELD,July,2016,559000
HADFIELD,August,2016,709193.25
HADFIELD,September,2016,624363.6667
HADFIELD,October,2016,594666.6667
HADFIELD,November,2016,682988.2308
HADFIELD,December,2016,732431.6667
HADFIELD,February,2017,816296
HADFIELD,March,2017,784591
HADFIELD,April,2017,755000
HADFIELD,May,2017,759693.25
HADFIELD,June,2017,747295.5
HADFIELD,July,2017,652971.625
HADFIELD,August,2017,751886.5
HADFIELD,September,2017,770000
HALLAM,June,2017,640500
HALLAM,July,2017,981250
HALLAM,September,2017,661000
HAMPTON,April,2016,1567103.5
HAMPTON,May,2016,1465414.143
HAMPTON,June,2016,1410475.588
HAMPTON,July,2016,1273172.429
HAMPTON,August,2016,1756874.636
HAMPTON,September,2016,1863512.938
HAMPTON,October,2016,1176051.75
HAMPTON,November,2016,1866218.444
HAMPTON,December,2016,1570670.389
HAMPTON,February,2017,1390932.125
HAMPTON,March,2017,1531357.143
HAMPTON,April,2017,1289232.667
HAMPTON,May,2017,1718804.043
HAMPTON,June,2017,1493471.133
HAMPTON,July,2017,1621558.889
HAMPTON,August,2017,1858062.714
HAMPTON,September,2017,1989286.263
HAMPTON EAST,April,2016,1225000
HAMPTON EAST,May,2016,1124444.8
HAMPTON EAST,June,2016,852704
HAMPTON EAST,July,2016,1235000
HAMPTON EAST,August,2016,1107793.091
HAMPTON EAST,September,2016,1321112
HAMPTON EAST,October,2016,1117224
HAMPTON EAST,November,2016,1047537.333
HAMPTON EAST,December,2016,1118048
HAMPTON EAST,February,2017,951436.4
HAMPTON EAST,March,2017,669500
HAMPTON EAST,April,2017,976614.4286
HAMPTON EAST,May,2017,1222651
HAMPTON EAST,June,2017,1078500
HAMPTON EAST,July,2017,1069556
HAMPTON EAST,August,2017,1185963.25
HAMPTON EAST,September,2017,1022772.286
HAMPTON PARK,May,2017,561000
HAMPTON PARK,June,2017,547000
HAMPTON PARK,July,2017,511000
HAMPTON PARK,August,2017,642833.3333
HAWTHORN,April,2016,1904850.6
HAWTHORN,May,2016,1288945.474
HAWTHORN,June,2016,1461775.188
HAWTHORN,July,2016,890500
HAWTHORN,August,2016,1576312.423
HAWTHORN,September,2016,1365962.185
HAWTHORN,October,2016,1359378.5
HAWTHORN,November,2016,1145551.935
HAWTHORN,December,2016,1527639.381
HAWTHORN,February,2017,1593212.167
HAWTHORN,March,2017,1586384.867
HAWTHORN,April,2017,538238.3636
HAWTHORN,May,2017,1712910.906
HAWTHORN,June,2017,1702392.556
HAWTHORN,July,2017,870975.3684
HAWTHORN,August,2017,1392198.211
HAWTHORN,September,2017,1483570.091
HAWTHORN EAST,April,2016,1493283.75
HAWTHORN EAST,May,2016,1741940.182
HAWTHORN EAST,June,2016,1585629.667
HAWTHORN EAST,July,2016,1461627.2
HAWTHORN EAST,August,2016,1313671.611
HAWTHORN EAST,September,2016,1543198.313
HAWTHORN EAST,October,2016,1359361.7
HAWTHORN EAST,November,2016,1366732.8
HAWTHORN EAST,December,2016,1328237.333
HAWTHORN EAST,February,2017,1134870.571
HAWTHORN EAST,March,2017,2026561.25
HAWTHORN EAST,April,2017,786827.0909
HAWTHORN EAST,May,2017,1518458.65
HAWTHORN EAST,June,2017,1707913.313
HAWTHORN EAST,July,2017,973999.8
HAWTHORN EAST,August,2017,1201386.455
HAWTHORN EAST,September,2017,1905782.632
HEALESVILLE,July,2017,650000
HEATHMONT,June,2017,835233.3333
HEATHMONT,July,2017,987301.6667
HEATHMONT,August,2017,1094250
HEATHMONT,September,2017,921518.5714
HEIDELBERG,April,2016,780000
HEIDELBERG,May,2016,862451.8333
HEIDELBERG,June,2016,1053375
HEIDELBERG,July,2016,1152500
HEIDELBERG,August,2016,765000
HEIDELBERG,September,2016,1026403.455
HEIDELBERG,October,2016,577344
HEIDELBERG,November,2016,992897.5556
HEIDELBERG,December,2016,693289
HEIDELBERG,February,2017,1036122.333
HEIDELBERG,March,2017,717618.8
HEIDELBERG,April,2017,898436.4286
HEIDELBERG,May,2017,848836
HEIDELBERG,June,2017,986519.5
HEIDELBERG,July,2017,1063443
HEIDELBERG,August,2017,807500
HEIDELBERG,September,2017,1097500
HEIDELBERG HEIGHTS,April,2016,652000
HEIDELBERG HEIGHTS,May,2016,648325.1429
HEIDELBERG HEIGHTS,June,2016,653435.2
HEIDELBERG HEIGHTS,July,2016,677166.6667
HEIDELBERG HEIGHTS,August,2016,854879.3333
HEIDELBERG HEIGHTS,September,2016,716500
HEIDELBERG HEIGHTS,November,2016,705526.8571
HEIDELBERG HEIGHTS,December,2016,751012.8
HEIDELBERG HEIGHTS,February,2017,812093.75
HEIDELBERG HEIGHTS,March,2017,878666.6667
HEIDELBERG HEIGHTS,April,2017,713197
HEIDELBERG HEIGHTS,May,2017,782786.6667
HEIDELBERG HEIGHTS,June,2017,747783.5556
HEIDELBERG HEIGHTS,July,2017,740000
HEIDELBERG HEIGHTS,August,2017,829786.2222
HEIDELBERG HEIGHTS,September,2017,836197
HEIDELBERG WEST,April,2016,713125
HEIDELBERG WEST,May,2016,557361.1111
HEIDELBERG WEST,June,2016,531791.75
HEIDELBERG WEST,July,2016,440500
HEIDELBERG WEST,August,2016,570000
HEIDELBERG WEST,September,2016,684519.8333
HEIDELBERG WEST,October,2016,577810.5
HEIDELBERG WEST,November,2016,693750
HEIDELBERG WEST,December,2016,642475.4
HEIDELBERG WEST,February,2017,737400
HEIDELBERG WEST,March,2017,667510.6667
HEIDELBERG WEST,April,2017,798000
HEIDELBERG WEST,May,2017,619915.7778
HEIDELBERG WEST,June,2017,875000
HEIDELBERG WEST,July,2017,642444.4444
HEIDELBERG WEST,August,2017,638550.8
HEIDELBERG WEST,September,2017,705333.3333
HIGHETT,May,2017,1418131.5
HIGHETT,June,2017,1088108.1
HIGHETT,July,2017,1147900.944
HIGHETT,August,2017,1299444.444
HIGHETT,September,2017,1069958.333
HILLSIDE,May,2017,629500
HILLSIDE,June,2017,541666.6667
HILLSIDE,July,2017,618975
HILLSIDE,August,2017,693509.3333
HILLSIDE,September,2017,693928.5714
HOPPERS CROSSING,May,2017,520319.2727
HOPPERS CROSSING,June,2017,584065.5714
HOPPERS CROSSING,July,2017,557132
HOPPERS CROSSING,August,2017,524389.2222
HOPPERS CROSSING,September,2017,556944.4074
HUGHESDALE,April,2016,455000
HUGHESDALE,May,2016,999438.6667
HUGHESDALE,June,2016,648000
HUGHESDALE,July,2016,915000
HUGHESDALE,August,2016,1282666.667
HUGHESDALE,September,2016,1079620.857
HUGHESDALE,October,2016,1123831.6
HUGHESDALE,November,2016,1060100
HUGHESDALE,December,2016,1325343.75
HUGHESDALE,February,2017,1394173
HUGHESDALE,March,2017,855000
HUGHESDALE,April,2017,812666.6667
HUGHESDALE,May,2017,1270165.429
HUGHESDALE,June,2017,865343.75
HUGHESDALE,July,2017,862666.6667
HUGHESDALE,August,2017,1285052.667
HUGHESDALE,September,2017,1044750
HUNTINGDALE,June,2017,1119400
HUNTINGDALE,July,2017,870000
HUNTINGDALE,August,2017,1190000
HUNTINGDALE,September,2017,1142500
HURSTBRIDGE,August,2017,790000
IVANHOE,April,2016,721979.4
IVANHOE,May,2016,1170882.091
IVANHOE,June,2016,1417316.111
IVANHOE,July,2016,997105.3333
IVANHOE,August,2016,1017014.5
IVANHOE,September,2016,1099112.154
IVANHOE,October,2016,1144754.857
IVANHOE,November,2016,1081579.118
IVANHOE,December,2016,747250
IVANHOE,February,2017,1296311.571
IVANHOE,March,2017,1550796.75
IVANHOE,April,2017,1338020.111
IVANHOE,May,2017,1289297.667
IVANHOE,June,2017,1189718.1
IVANHOE,July,2017,1569907.273
IVANHOE,August,2017,1157349.25
IVANHOE,September,2017,1222923.286
IVANHOE EAST,April,2016,1744182
IVANHOE EAST,May,2016,1858841
IVANHOE EAST,June,2016,1875000
IVANHOE EAST,July,2016,1085500
IVANHOE EAST,August,2016,1227500
IVANHOE EAST,October,2016,1840000
IVANHOE EAST,November,2016,2274000
IVANHOE EAST,December,2016,2295000
IVANHOE EAST,February,2017,2850000
IVANHOE EAST,May,2017,2041000
IVANHOE EAST,June,2017,1680272.8
IVANHOE EAST,July,2017,1880333.333
IVANHOE EAST,August,2017,2333333.333
IVANHOE EAST,September,2017,1471363.667
JACANA,February,2016,461000
JACANA,April,2016,352500
JACANA,May,2016,474166.6667
JACANA,June,2016,475500
JACANA,July,2016,421000
JACANA,August,2016,398000
JACANA,September,2016,460000
JACANA,November,2016,495000
JACANA,December,2016,488600
JACANA,February,2017,611000
JACANA,March,2017,544000
JACANA,April,2017,536266.6667
JACANA,May,2017,550875
JACANA,June,2017,556000
JACANA,July,2017,548114.2857
JACANA,August,2017,545000
JACANA,September,2017,564650
KEALBA,May,2016,407500
KEALBA,June,2016,375500
KEALBA,July,2016,563500
KEALBA,August,2016,583333.3333
KEALBA,September,2016,595364.5
KEALBA,October,2016,747500
KEALBA,November,2016,606000
KEALBA,December,2016,573500
KEALBA,March,2017,633455
KEALBA,April,2017,608000
KEALBA,May,2017,678500
KEALBA,June,2017,633455
KEALBA,July,2017,590000
KEALBA,September,2017,661000
KEILOR,May,2017,895000
KEILOR,June,2017,875000
KEILOR,July,2017,769750
KEILOR,August,2017,818500
KEILOR,September,2017,732833.3333
KEILOR DOWNS,May,2017,617000
KEILOR DOWNS,June,2017,637157.1429
KEILOR DOWNS,July,2017,649000
KEILOR DOWNS,August,2017,711800.2
KEILOR DOWNS,September,2017,700000
KEILOR EAST,April,2016,732500
KEILOR EAST,May,2016,688952.5333
KEILOR EAST,June,2016,772784.6154
KEILOR EAST,July,2016,827000
KEILOR EAST,August,2016,692508.4444
KEILOR EAST,September,2016,730143.1111
KEILOR EAST,October,2016,771250
KEILOR EAST,November,2016,816297.2308
KEILOR EAST,December,2016,766357.3333
KEILOR EAST,February,2017,600750
KEILOR EAST,March,2017,746687.5
KEILOR EAST,April,2017,816064
KEILOR EAST,May,2017,837424.25
KEILOR EAST,June,2017,1196521.25
KEILOR EAST,July,2017,909545.4545
KEILOR EAST,August,2017,957136.3636
KEILOR EAST,September,2017,908144.4444
KEILOR LODGE,July,2017,640000
KEILOR LODGE,September,2017,680000
KEILOR PARK,May,2016,615666.6667
KEILOR PARK,June,2016,544833.3333
KEILOR PARK,July,2016,685000
KEILOR PARK,September,2016,475000
KEILOR PARK,October,2016,685000
KEILOR PARK,November,2016,558666.6667
KEILOR PARK,December,2016,766000
KEILOR PARK,February,2017,843000
KEILOR PARK,March,2017,820500
KEILOR PARK,April,2017,716333.3333
KEILOR PARK,May,2017,752500
KEILOR PARK,June,2017,680000
KEILOR PARK,July,2017,701000
KEILOR PARK,August,2017,821000
KEILOR PARK,September,2017,680000
KENSINGTON,April,2016,891750
KENSINGTON,May,2016,863216.875
KENSINGTON,June,2016,588995.3636
KENSINGTON,July,2016,866500
KENSINGTON,August,2016,789158.8333
KENSINGTON,September,2016,858714.1
KENSINGTON,October,2016,977517.625
KENSINGTON,November,2016,898035.9
KENSINGTON,December,2016,680794.875
KENSINGTON,February,2017,975873
KENSINGTON,March,2017,792000
KENSINGTON,April,2017,824654.9167
KENSINGTON,May,2017,790611.1111
KENSINGTON,June,2017,851296.8462
KENSINGTON,July,2017,636739.9286
KENSINGTON,August,2017,1034250
KENSINGTON,September,2017,891450
KEW,April,2016,1805286.25
KEW,May,2016,2046840.556
KEW,June,2016,1748761.667
KEW,July,2016,1299690.778
KEW,August,2016,1984799.379
KEW,September,2016,1920079.382
KEW,October,2016,1621432.692
KEW,November,2016,1923601.176
KEW,December,2016,1779377.167
KEW,February,2017,1781368
KEW,March,2017,2177499.571
KEW,April,2017,1478768.333
KEW,May,2017,1770039.222
KEW,June,2017,1717396.143
KEW,July,2017,1313336.417
KEW,August,2017,1877610
KEW,September,2017,2151629.8
KEW EAST,April,2016,2081000
KEW EAST,May,2016,1661121
KEW EAST,June,2016,1770000
KEW EAST,July,2016,1615972
KEW EAST,August,2016,1277996
KEW EAST,September,2016,1474301.231
KEW EAST,October,2016,1944600
KEW EAST,November,2016,1657947.125
KEW EAST,December,2016,2121166.5
KEW EAST,February,2017,1378718
KEW EAST,March,2017,2119261
KEW EAST,April,2017,1960750
KEW EAST,May,2017,1407460.909
KEW EAST,June,2017,2003243
KEW EAST,July,2017,1325990.667
KEW EAST,August,2017,1733049.333
KEW EAST,September,2017,1722324.929
KEYSBOROUGH,May,2017,1017200
KEYSBOROUGH,June,2017,748500
KEYSBOROUGH,July,2017,754200
KEYSBOROUGH,August,2017,930000
KEYSBOROUGH,September,2017,806933.3333
KILSYTH,June,2017,721750
KILSYTH,July,2017,811000
KILSYTH,August,2017,764333.3333
KILSYTH,September,2017,762000
KINGS PARK,May,2017,520000
KINGS PARK,June,2017,553600
KINGS PARK,July,2017,538333.3333
KINGS PARK,August,2017,556800
KINGS PARK,September,2017,573300
KINGSBURY,May,2016,635000
KINGSBURY,June,2016,568500
KINGSBURY,July,2016,705500
KINGSBURY,August,2016,599000
KINGSBURY,October,2016,980000
KINGSBURY,November,2016,768722.25
KINGSBURY,December,2016,480000
KINGSBURY,February,2017,689000
KINGSBURY,March,2017,731000
KINGSBURY,May,2017,488000
KINGSBURY,June,2017,1025000.5
KINGSBURY,July,2017,672750
KINGSBURY,August,2017,900000
KINGSBURY,September,2017,632750
KINGSVILLE,May,2016,669000
KINGSVILLE,June,2016,1114226.667
KINGSVILLE,July,2016,720753.25
KINGSVILLE,August,2016,859812.5
KINGSVILLE,September,2016,892536
KINGSVILLE,October,2016,595000
KINGSVILLE,November,2016,998333.3333
KINGSVILLE,December,2016,895440
KINGSVILLE,February,2017,1085000
KINGSVILLE,March,2017,834253.25
KINGSVILLE,April,2017,860000
KINGSVILLE,May,2017,1014500
KINGSVILLE,June,2017,964226.6667
KINGSVILLE,July,2017,513892.5
KINGSVILLE,August,2017,735000
KINGSVILLE,September,2017,874063.3333
KNOXFIELD,May,2017,1060466.667
KNOXFIELD,July,2017,1040000
KNOXFIELD,August,2017,749500
KOOYONG,September,2016,926667
KOOYONG,October,2016,1290000
KOOYONG,November,2016,1538416.75
KOOYONG,February,2017,2447500
KOOYONG,March,2017,1706000
KOOYONG,June,2017,1188000
KOOYONG,July,2017,926667
KOOYONG,August,2017,1950000
KURUNJANG,July,2017,355666.6667
KURUNJANG,August,2017,373250
KURUNJANG,September,2017,296000
LALOR,May,2017,553000
LALOR,June,2017,582862.5
LALOR,July,2017,644312.5
LALOR,August,2017,628650
LALOR,September,2017,690409.0909
LANGWARRIN,June,2017,400000
LANGWARRIN,July,2017,603125
LANGWARRIN,August,2017,757375
LANGWARRIN,September,2017,554650
LOWER PLENTY,May,2017,650000
LOWER PLENTY,July,2017,936000
LOWER PLENTY,August,2017,764000
LOWER PLENTY,September,2017,936000
MAIDSTONE,February,2016,1063500
MAIDSTONE,April,2016,616661.6667
MAIDSTONE,May,2016,674000
MAIDSTONE,June,2016,572652.3333
MAIDSTONE,July,2016,706250
MAIDSTONE,August,2016,631823.7778
MAIDSTONE,September,2016,751356.0714
MAIDSTONE,October,2016,699812.5
MAIDSTONE,November,2016,854663.3333
MAIDSTONE,December,2016,652285.7143
MAIDSTONE,February,2017,666250
MAIDSTONE,March,2017,628239.25
MAIDSTONE,April,2017,721017.75
MAIDSTONE,May,2017,726918.5
MAIDSTONE,June,2017,717871.25
MAIDSTONE,July,2017,709683.4211
MAIDSTONE,August,2017,672062.5
MAIDSTONE,September,2017,710065.2857
MALVERN,April,2016,1437000
MALVERN,May,2016,1724318.5
MALVERN,June,2016,1905099.833
MALVERN,July,2016,1932232.111
MALVERN,August,2016,2723374.154
MALVERN,September,2016,1851407
MALVERN,October,2016,1136618.714
MALVERN,November,2016,1841384.813
MALVERN,December,2016,2561862.8
MALVERN,February,2017,2389282.636
MALVERN,March,2017,1904049.75
MALVERN,April,2017,1098481.333
MALVERN,May,2017,2060035.619
MALVERN,June,2017,2500948.308
MALVERN,July,2017,456500
MALVERN,August,2017,2098923.429
MALVERN,September,2017,1984944.294
MALVERN EAST,February,2016,350000
MALVERN EAST,April,2016,1347483.6
MALVERN EAST,May,2016,1463641.375
MALVERN EAST,June,2016,1352624.933
MALVERN EAST,July,2016,1420260.083
MALVERN EAST,August,2016,1655067.591
MALVERN EAST,September,2016,1286929.611
MALVERN EAST,October,2016,1499405.143
MALVERN EAST,November,2016,1395763.412
MALVERN EAST,December,2016,1841274.765
MALVERN EAST,February,2017,1632715.2
MALVERN EAST,March,2017,1516512.048
MALVERN EAST,April,2017,1508190.857
MALVERN EAST,May,2017,1582281.696
MALVERN EAST,June,2017,1947948.833
MALVERN EAST,July,2017,1338916.714
MALVERN EAST,August,2017,1867127.5
MALVERN EAST,September,2017,1542730
MARIBYRNONG,February,2016,560000
MARIBYRNONG,April,2016,827941
MARIBYRNONG,May,2016,737722.5652
MARIBYRNONG,June,2016,773950
MARIBYRNONG,July,2016,644203.1818
MARIBYRNONG,August,2016,769182.8
MARIBYRNONG,September,2016,869659.5
MARIBYRNONG,October,2016,916776.4
MARIBYRNONG,November,2016,742762.9412
MARIBYRNONG,December,2016,649897
MARIBYRNONG,February,2017,888000
MARIBYRNONG,March,2017,797509.8
MARIBYRNONG,April,2017,879400
MARIBYRNONG,May,2017,913478.5455
MARIBYRNONG,June,2017,885026.1111
MARIBYRNONG,July,2017,789259.2727
MARIBYRNONG,August,2017,1176911.7
MARIBYRNONG,September,2017,733965.1818
MCKINNON,May,2017,1250000
MCKINNON,June,2017,1348951.429
MCKINNON,July,2017,1168000
MCKINNON,August,2017,1426614.286
MCKINNON,September,2017,1393100
MEADOW HEIGHTS,June,2017,467000
MEADOW HEIGHTS,July,2017,471858
MEADOW HEIGHTS,August,2017,535000
MEADOW HEIGHTS,September,2017,496643.8
MELBOURNE,February,2016,520000
MELBOURNE,April,2016,600250
MELBOURNE,May,2016,681033.3529
MELBOURNE,June,2016,1028312.667
MELBOURNE,July,2016,693558.3333
MELBOURNE,August,2016,481257.4444
MELBOURNE,September,2016,675424.3077
MELBOURNE,October,2016,590855.1818
MELBOURNE,November,2016,618351.9375
MELBOURNE,December,2016,665802.3333
MELBOURNE,February,2017,871938
MELBOURNE,March,2017,869789.8889
MELBOURNE,April,2017,813543
MELBOURNE,May,2017,710214.2857
MELBOURNE,June,2017,701103.2
MELBOURNE,July,2017,599581.4
MELBOURNE,August,2017,645604.6667
MELBOURNE,September,2017,730051.25
MELTON,May,2017,295000
MELTON,June,2017,400514.4
MELTON,July,2017,422457.2
MELTON,August,2017,481333.3333
MELTON,September,2017,408800
MELTON SOUTH,May,2017,347500
MELTON SOUTH,June,2017,392118
MELTON SOUTH,July,2017,362314.0769
MELTON SOUTH,August,2017,398333.3333
MELTON SOUTH,September,2017,385983.2
MELTON WEST,May,2017,410000
MELTON WEST,June,2017,377500
MELTON WEST,July,2017,420529.25
MELTON WEST,August,2017,600000
MELTON WEST,September,2017,432773.8571
MENTONE,May,2017,1247500
MENTONE,June,2017,816100
MENTONE,July,2017,950400
MENTONE,August,2017,1147850
MENTONE,September,2017,902714.2857
MERNDA,May,2017,730000
MERNDA,June,2017,546927
MERNDA,July,2017,655727.625
MERNDA,August,2017,630400
MERNDA,September,2017,605723.1429
MICKLEHAM,July,2017,570000
MICKLEHAM,September,2017,450000
MIDDLE PARK,April,2016,1321206.333
MIDDLE PARK,May,2016,1020000
MIDDLE PARK,June,2016,2250333.333
MIDDLE PARK,July,2016,2366746
MIDDLE PARK,August,2016,1800000
MIDDLE PARK,September,2016,4500000
MIDDLE PARK,October,2016,1194769
MIDDLE PARK,November,2016,2375000
MIDDLE PARK,December,2016,2288500
MIDDLE PARK,February,2017,1920000
MIDDLE PARK,March,2017,2075384.5
MIDDLE PARK,April,2017,1747500
MIDDLE PARK,May,2017,2629723.8
MIDDLE PARK,June,2017,2485732.125
MIDDLE PARK,July,2017,2238619
MIDDLE PARK,August,2017,2603333.333
MIDDLE PARK,September,2017,2359055.429
MILL PARK,May,2017,619625
MILL PARK,June,2017,619027.6875
MILL PARK,July,2017,675019.2609
MILL PARK,August,2017,557240.5
MILL PARK,September,2017,663079.0952
MITCHAM,May,2017,895886.375
MITCHAM,June,2017,1046552.091
MITCHAM,July,2017,964777.7778
MITCHAM,August,2017,896780
MITCHAM,September,2017,1040994.941
MONT ALBERT,February,2016,750000
MONT ALBERT,May,2016,1114204.333
MONT ALBERT,June,2016,1720700
MONT ALBERT,July,2016,908000
MONT ALBERT,August,2016,1857353
MONT ALBERT,September,2016,1570975
MONT ALBERT,October,2016,1268333.333
MONT ALBERT,November,2016,1555387.5
MONT ALBERT,December,2016,1169495.2
MONT ALBERT,February,2017,3079706
MONT ALBERT,March,2017,2039497.667
MONT ALBERT,April,2017,1316955.2
MONT ALBERT,May,2017,1457041.667
MONT ALBERT,June,2017,1746266.667
MONT ALBERT,July,2017,1789295.2
MONT ALBERT,August,2017,1929706
MONT ALBERT,September,2017,1485365.222
MONTMORENCY,May,2017,960750
MONTMORENCY,June,2017,699000
MONTMORENCY,July,2017,921306.4
MONTMORENCY,August,2017,841720
MONTMORENCY,September,2017,813250
MONTROSE,July,2017,735000
MOONEE PONDS,April,2016,1278000
MOONEE PONDS,May,2016,1037698.857
MOONEE PONDS,June,2016,1140430.333
MOONEE PONDS,July,2016,1010504.714
MOONEE PONDS,August,2016,906541.4444
MOONEE PONDS,September,2016,934324.4545
MOONEE PONDS,October,2016,1146079.733
MOONEE PONDS,November,2016,981782.5385
MOONEE PONDS,December,2016,1241992.333
MOONEE PONDS,February,2017,1208333.333
MOONEE PONDS,March,2017,1212870.538
MOONEE PONDS,April,2017,1160222.813
MOONEE PONDS,May,2017,1377570.091
MOONEE PONDS,June,2017,989964.9375
MOONEE PONDS,July,2017,1245242.333
MOONEE PONDS,August,2017,1135125
MOONEE PONDS,September,2017,1087860.4
MOORABBIN,February,2016,1417250
MOORABBIN,April,2016,910000
MOORABBIN,May,2016,974884.2
MOORABBIN,June,2016,996925
MOORABBIN,July,2016,824857.1429
MOORABBIN,August,2016,919280.6667
MOORABBIN,September,2016,962458.3333
MOORABBIN,October,2016,935710.5
MOORABBIN,November,2016,863250
MOORABBIN,December,2016,988025
MOORABBIN,February,2017,1076312.5
MOORABBIN,March,2017,1073750
MOORABBIN,April,2017,1021405
MOORABBIN,May,2017,931750
MOORABBIN,June,2017,1190960.5
MOORABBIN,July,2017,1087500
MOORABBIN,August,2017,1087666.667
MOORABBIN,September,2017,1044375
MOOROOLBARK,June,2017,723350
MOOROOLBARK,July,2017,729898.8571
MOOROOLBARK,August,2017,780908.4
MOOROOLBARK,September,2017,749010.5
MORDIALLOC,June,2017,981623.3636
MORDIALLOC,July,2017,875666.6667
MORDIALLOC,August,2017,1377000
MORDIALLOC,September,2017,903485.7143
MOUNT EVELYN,June,2017,620000
MOUNT EVELYN,August,2017,515000
MOUNT WAVERLEY,May,2017,1292428.125
MOUNT WAVERLEY,June,2017,1241051.96
MOUNT WAVERLEY,July,2017,1444873.606
MOUNT WAVERLEY,August,2017,1457993.5
MOUNT WAVERLEY,September,2017,1388312.2
MULGRAVE,May,2017,1001304.5
MULGRAVE,June,2017,1010803.308
MULGRAVE,July,2017,1509784.063
MULGRAVE,August,2017,922333.3333
MULGRAVE,September,2017,912083.3333
MURRUMBEENA,February,2016,1206607
MURRUMBEENA,April,2016,963303.5
MURRUMBEENA,May,2016,1156633.3
MURRUMBEENA,June,2016,1038439.364
MURRUMBEENA,July,2016,921125
MURRUMBEENA,August,2016,1075215.556
MURRUMBEENA,September,2016,632571.5
MURRUMBEENA,October,2016,864857.2
MURRUMBEENA,November,2016,1060000
MURRUMBEENA,December,2016,1146816.167
MURRUMBEENA,February,2017,1046000
MURRUMBEENA,March,2017,1048767.833
MURRUMBEENA,April,2017,713761.1111
MURRUMBEENA,May,2017,1157161.667
MURRUMBEENA,June,2017,1017797.571
MURRUMBEENA,July,2017,1073961.091
MURRUMBEENA,August,2017,1237803.5
MURRUMBEENA,September,2017,1040255.182
NARRE WARREN,May,2017,736167
NARRE WARREN,June,2017,581250
NARRE WARREN,July,2017,617232
NARRE WARREN,August,2017,612500
NARRE WARREN,September,2017,763222.3333
NEW GISBORNE,September,2017,690000
NEWPORT,April,2016,743714.2857
NEWPORT,May,2016,1030425.267
NEWPORT,June,2016,963942.9167
NEWPORT,July,2016,871536.75
NEWPORT,August,2016,1213720.444
NEWPORT,September,2016,956540.8235
NEWPORT,October,2016,906143.7778
NEWPORT,November,2016,998736.7857
NEWPORT,December,2016,924666.6667
NEWPORT,February,2017,1088571.429
NEWPORT,March,2017,946032.6667
NEWPORT,April,2017,1201688.895
NEWPORT,May,2017,1254562.692
NEWPORT,June,2017,1063699
NEWPORT,July,2017,867533.25
NEWPORT,August,2017,942847.25
NEWPORT,September,2017,1083991.438
NIDDRIE,April,2016,963000
NIDDRIE,May,2016,897246.4545
NIDDRIE,June,2016,784205.2222
NIDDRIE,July,2016,741916.6667
NIDDRIE,August,2016,1002500
NIDDRIE,September,2016,959062.5
NIDDRIE,October,2016,727500
NIDDRIE,November,2016,943300
NIDDRIE,December,2016,906333.3333
NIDDRIE,February,2017,809950
NIDDRIE,March,2017,1197000
NIDDRIE,April,2017,1002142.857
NIDDRIE,May,2017,889100
NIDDRIE,June,2017,1328569.4
NIDDRIE,July,2017,979000
NIDDRIE,August,2017,1165141.167
NIDDRIE,September,2017,1137888.889
NOBLE PARK,May,2017,715883.3333
NOBLE PARK,June,2017,681323.3333
NOBLE PARK,July,2017,634584.6667
NOBLE PARK,August,2017,585772.75
NOBLE PARK,September,2017,574314.6
NORTH MELBOURNE,April,2016,793598
NORTH MELBOURNE,May,2016,781344.8571
NORTH MELBOURNE,June,2016,1016250
NORTH MELBOURNE,July,2016,596857
NORTH MELBOURNE,August,2016,756034.5
NORTH MELBOURNE,September,2016,1282525
NORTH MELBOURNE,October,2016,993187.5
NORTH MELBOURNE,November,2016,624111.0714
NORTH MELBOURNE,December,2016,708553.5
NORTH MELBOURNE,February,2017,1064931.333
NORTH MELBOURNE,March,2017,1003000
NORTH MELBOURNE,April,2017,729566.6667
NORTH MELBOURNE,May,2017,1408948.5
NORTH MELBOURNE,June,2017,744569.7778
NORTH MELBOURNE,July,2017,742533.3333
NORTH MELBOURNE,August,2017,1061829.333
NORTH MELBOURNE,September,2017,973870.4286
NORTH WARRANDYTE,June,2017,1550000
NORTH WARRANDYTE,September,2017,902000
NORTHCOTE,February,2016,882474
NORTHCOTE,April,2016,1271000
NORTHCOTE,May,2016,1189890.857
NORTHCOTE,June,2016,1352909.625
NORTHCOTE,July,2016,1590570.909
NORTHCOTE,August,2016,1250894.167
NORTHCOTE,September,2016,1139151.929
NORTHCOTE,October,2016,1295418.8
NORTHCOTE,November,2016,1260668
NORTHCOTE,December,2016,1154601.636
NORTHCOTE,February,2017,977329
NORTHCOTE,March,2017,1281496.267
NORTHCOTE,April,2017,1059594.154
NORTHCOTE,May,2017,1356676.095
NORTHCOTE,June,2017,1096805.714
NORTHCOTE,July,2017,1214721.526
NORTHCOTE,August,2017,1284182
NORTHCOTE,September,2017,1238706.485
NOTTING HILL,June,2017,840000
NOTTING HILL,July,2017,1211000
NOTTING HILL,August,2017,1001000
NOTTING HILL,September,2017,1164500
NUNAWADING,May,2017,1194000
NUNAWADING,June,2017,1040214.308
NUNAWADING,July,2017,957287.25
NUNAWADING,August,2017,1011737.286
NUNAWADING,September,2017,946547.6667
OAK PARK,April,2016,728179.6667
OAK PARK,May,2016,799561.1667
OAK PARK,June,2016,785400
OAK PARK,July,2016,752750
OAK PARK,August,2016,689419.7143
OAK PARK,September,2016,694295.3333
OAK PARK,October,2016,745565.6667
OAK PARK,November,2016,832288.2222
OAK PARK,December,2016,723421
OAK PARK,February,2017,872769.5
OAK PARK,March,2017,967750
OAK PARK,April,2017,781299.25
OAK PARK,May,2017,1023833.333
OAK PARK,June,2017,838937.7273
OAK PARK,July,2017,934333.3333
OAK PARK,August,2017,928000
OAK PARK,September,2017,860500
OAKLEIGH,April,2016,995167
OAKLEIGH,May,2016,837500
OAKLEIGH,June,2016,823833.375
OAKLEIGH,July,2016,838533.25
OAKLEIGH,August,2016,703250
OAKLEIGH,September,2016,1016345.75
OAKLEIGH,October,2016,884069.5
OAKLEIGH,November,2016,1158569.636
OAKLEIGH,February,2017,1243566.5
OAKLEIGH,March,2017,975733.4
OAKLEIGH,April,2017,1717500
OAKLEIGH,May,2017,1121285.714
OAKLEIGH,June,2017,1493000
OAKLEIGH,July,2017,1323389
OAKLEIGH,August,2017,1216666.667
OAKLEIGH,September,2017,974402.8333
OAKLEIGH EAST,May,2017,1102000
OAKLEIGH EAST,June,2017,1046444.5
OAKLEIGH EAST,July,2017,941666.6667
OAKLEIGH EAST,August,2017,905000
OAKLEIGH EAST,September,2017,1102666.667
OAKLEIGH SOUTH,February,2016,876000
OAKLEIGH SOUTH,May,2016,858857.8
OAKLEIGH SOUTH,June,2016,791679.6667
OAKLEIGH SOUTH,July,2016,901211.75
OAKLEIGH SOUTH,August,2016,1144250
OAKLEIGH SOUTH,September,2016,886812.5
OAKLEIGH SOUTH,October,2016,979250
OAKLEIGH SOUTH,November,2016,917988.9412
OAKLEIGH SOUTH,December,2016,1101750
OAKLEIGH SOUTH,February,2017,1046133.4
OAKLEIGH SOUTH,March,2017,1089757.8
OAKLEIGH SOUTH,April,2017,988724.625
OAKLEIGH SOUTH,May,2017,1103322.25
OAKLEIGH SOUTH,June,2017,1154921
OAKLEIGH SOUTH,July,2017,1018487.909
OAKLEIGH SOUTH,August,2017,966639.6
OAKLEIGH SOUTH,September,2017,1090901
OFFICER,July,2017,559000
ORMOND,February,2016,250000
ORMOND,April,2016,990700
ORMOND,May,2016,727666.6667
ORMOND,June,2016,1133400
ORMOND,July,2016,792000
ORMOND,August,2016,1250714.286
ORMOND,September,2016,1348626.875
ORMOND,October,2016,1414285.714
ORMOND,November,2016,1113722.222
ORMOND,December,2016,1392217
ORMOND,February,2017,960333.3333
ORMOND,March,2017,1369534.286
ORMOND,April,2017,1194360
ORMOND,May,2017,1311407.778
ORMOND,June,2017,647000
ORMOND,July,2017,727440.8333
ORMOND,August,2017,1143838.5
ORMOND,September,2017,1293644.444
PAKENHAM,May,2017,488200
PAKENHAM,June,2017,460250
PAKENHAM,July,2017,539250
PAKENHAM,August,2017,442000
PARKDALE,May,2017,1386500
PARKDALE,June,2017,1179629.667
PARKDALE,July,2017,1071493.111
PARKDALE,August,2017,1162714.286
PARKDALE,September,2017,968192
PARKVILLE,April,2016,436562
PARKVILLE,May,2016,1340000
PARKVILLE,June,2016,2118464.5
PARKVILLE,July,2016,638000
PARKVILLE,August,2016,1147650
PARKVILLE,September,2016,1579000
PARKVILLE,October,2016,1029900
PARKVILLE,November,2016,1276916.667
PARKVILLE,December,2016,1360000
PARKVILLE,February,2017,637890
PARKVILLE,April,2017,500000
PARKVILLE,May,2017,2120200
PARKVILLE,June,2017,1250225
PARKVILLE,July,2017,965280
PARKVILLE,August,2017,1130560
PASCOE VALE,April,2016,672535.1111
PASCOE VALE,May,2016,613384
PASCOE VALE,June,2016,657452.7273
PASCOE VALE,July,2016,675573.8462
PASCOE VALE,August,2016,636065.4118
PASCOE VALE,September,2016,759126.8571
PASCOE VALE,October,2016,808301.4545
PASCOE VALE,November,2016,806938.5833
PASCOE VALE,December,2016,783467.6667
PASCOE VALE,February,2017,750806.2
PASCOE VALE,March,2017,881859.75
PASCOE VALE,April,2017,789794.2222
PASCOE VALE,May,2017,742528.9333
PASCOE VALE,June,2017,809014.5833
PASCOE VALE,July,2017,808737.3793
PASCOE VALE,August,2017,695851.7647
PASCOE VALE,September,2017,795482.7368
PATTERSON LAKES,June,2017,670000
PATTERSON LAKES,August,2017,670000
PATTERSON LAKES,September,2017,670000
PLUMPTON,September,2017,625500
POINT COOK,May,2017,686000
POINT COOK,June,2017,645689.4
POINT COOK,July,2017,663120.2
POINT COOK,August,2017,620600
POINT COOK,September,2017,666631.5455
PORT MELBOURNE,February,2016,550000
PORT MELBOURNE,April,2016,1183750.556
PORT MELBOURNE,May,2016,1171272.464
PORT MELBOURNE,June,2016,1071209.765
PORT MELBOURNE,July,2016,1310857
PORT MELBOURNE,August,2016,1015216.091
PORT MELBOURNE,September,2016,1139587.667
PORT MELBOURNE,October,2016,1326166.5
PORT MELBOURNE,November,2016,1214239.75
PORT MELBOURNE,December,2016,1416986.294
PORT MELBOURNE,February,2017,1381707
PORT MELBOURNE,March,2017,1320490.143
PORT MELBOURNE,April,2017,1335130.9
PORT MELBOURNE,May,2017,1281866.333
PORT MELBOURNE,June,2017,1194655.25
PORT MELBOURNE,July,2017,1361114.182
PORT MELBOURNE,August,2017,1591273.636
PORT MELBOURNE,September,2017,1371851.308
PRAHRAN,April,2016,1113061.556
PRAHRAN,May,2016,1311823.235
PRAHRAN,June,2016,1024994.818
PRAHRAN,July,2016,1262841.857
PRAHRAN,August,2016,888014.4667
PRAHRAN,September,2016,1042855.579
PRAHRAN,October,2016,1144650.6
PRAHRAN,November,2016,1140444.304
PRAHRAN,December,2016,1145032.182
PRAHRAN,February,2017,1352289.5
PRAHRAN,March,2017,1123231.958
PRAHRAN,April,2017,1138764.182
PRAHRAN,May,2017,1060799.407
PRAHRAN,June,2017,1235648.667
PRAHRAN,July,2017,766402.5455
PRAHRAN,August,2017,1480840
PRAHRAN,September,2017,1315460.368
PRESTON,April,2016,947505.6667
PRESTON,May,2016,881597.2174
PRESTON,June,2016,825389.5833
PRESTON,July,2016,690428.5625
PRESTON,August,2016,837081.0476
PRESTON,September,2016,882388.8889
PRESTON,October,2016,866001.7
PRESTON,November,2016,817188.2778
PRESTON,December,2016,863873.8571
PRESTON,February,2017,664166.6667
PRESTON,March,2017,866035.4545
PRESTON,April,2017,950992.9231
PRESTON,May,2017,889880
PRESTON,June,2017,928745.25
PRESTON,July,2017,846219.1429
PRESTON,August,2017,932236.5333
PRESTON,September,2017,810251.8889
PRINCES HILL,May,2016,1908000
PRINCES HILL,November,2016,1712000
PRINCES HILL,May,2017,1550000
PRINCES HILL,June,2017,1900000
PRINCES HILL,July,2017,1930000
PRINCES HILL,August,2017,1632000
PRINCES HILL,September,2017,1908000
RESERVOIR,April,2016,601525.6667
RESERVOIR,May,2016,630947.05
RESERVOIR,June,2016,611878.2973
RESERVOIR,July,2016,625391.5313
RESERVOIR,August,2016,620756.5556
RESERVOIR,September,2016,643248.3725
RESERVOIR,October,2016,649052.6765
RESERVOIR,November,2016,674621.4386
RESERVOIR,December,2016,632057.037
RESERVOIR,February,2017,647686.6842
RESERVOIR,March,2017,746401.6
RESERVOIR,April,2017,719100
RESERVOIR,May,2017,697829.475
RESERVOIR,June,2017,754593.9737
RESERVOIR,July,2017,720217.3409
RESERVOIR,August,2017,742418.0882
RESERVOIR,September,2017,762333.5254
RICHMOND,February,2016,986945
RICHMOND,April,2016,1223453.667
RICHMOND,May,2016,1054692.594
RICHMOND,June,2016,1000376.476
RICHMOND,July,2016,951538.6
RICHMOND,August,2016,1021920.538
RICHMOND,September,2016,1057379.769
RICHMOND,October,2016,1007617.8
RICHMOND,November,2016,1058908.049
RICHMOND,December,2016,1360380.074
RICHMOND,February,2017,1224125
RICHMOND,March,2017,1148725
RICHMOND,April,2017,1016730.471
RICHMOND,May,2017,1062432.48
RICHMOND,June,2017,1053344.957
RICHMOND,July,2017,1036717.286
RICHMOND,August,2017,1135360.941
RICHMOND,September,2017,1211970.735
RIDDELLS CREEK,June,2017,892250
RINGWOOD,May,2017,938066.6667
RINGWOOD,June,2017,854331.8
RINGWOOD,July,2017,994046.5455
RINGWOOD,August,2017,871317.6667
RINGWOOD,September,2017,954216.5833
RINGWOOD EAST,May,2017,609000
RINGWOOD EAST,June,2017,1010025
RINGWOOD EAST,July,2017,933354.1667
RINGWOOD EAST,August,2017,969000
RINGWOOD EAST,September,2017,935531.25
RINGWOOD NORTH,May,2017,957500
RINGWOOD NORTH,June,2017,820333.3333
RINGWOOD NORTH,July,2017,927500
RINGWOOD NORTH,August,2017,888500
RINGWOOD NORTH,September,2017,1099933.2
RIPPONLEA,May,2016,562500
RIPPONLEA,June,2016,755000
RIPPONLEA,November,2016,861333.3333
RIPPONLEA,March,2017,609125
RIPPONLEA,June,2017,1005000
RIPPONLEA,July,2017,558500
RIPPONLEA,September,2017,655000
ROSANNA,April,2016,705000
ROSANNA,May,2016,869553.8421
ROSANNA,June,2016,924691.1667
ROSANNA,July,2016,907617.25
ROSANNA,August,2016,1005933.625
ROSANNA,September,2016,944647.5833
ROSANNA,October,2016,710323.5
ROSANNA,November,2016,1016248.889
ROSANNA,December,2016,897696.5714
ROSANNA,February,2017,856750
ROSANNA,March,2017,839208.25
ROSANNA,April,2017,970895.75
ROSANNA,May,2017,1072289.333
ROSANNA,June,2017,861933.4286
ROSANNA,July,2017,1047893.8
ROSANNA,August,2017,1150710.4
ROSANNA,September,2017,1136775.167
ROWVILLE,June,2017,940700
ROWVILLE,July,2017,881918.4444
ROWVILLE,August,2017,937500
ROWVILLE,September,2017,941750
ROXBURGH PARK,May,2017,582389
ROXBURGH PARK,June,2017,478812.5
ROXBURGH PARK,July,2017,463028.5714
ROXBURGH PARK,August,2017,510250
ROXBURGH PARK,September,2017,494503.4167
SANDHURST,June,2017,645000
SANDHURST,September,2017,665000
SANDRINGHAM,May,2017,1183721.2
SANDRINGHAM,June,2017,1646714.286
SANDRINGHAM,July,2017,1177785.714
SANDRINGHAM,August,2017,1695339.286
SANDRINGHAM,September,2017,1775925
SCORESBY,May,2017,898450
SCORESBY,June,2017,916750
SCORESBY,July,2017,1053333.333
SCORESBY,August,2017,880000
SCORESBY,September,2017,956000
SEABROOK,June,2017,515000
SEABROOK,July,2017,632500
SEAFORD,May,2017,775666.6667
SEAFORD,June,2017,721500
SEAFORD,July,2017,704697
SEAFORD,August,2017,575666.6667
SEAFORD,September,2017,770000
SEAHOLME,April,2016,1050000
SEAHOLME,May,2016,950000
SEAHOLME,June,2016,925000
SEAHOLME,August,2016,860000
SEAHOLME,September,2016,1415000
SEAHOLME,February,2017,2000000
SEAHOLME,June,2017,1360000
SEDDON,April,2016,1062184.8
SEDDON,May,2016,1028598.5
SEDDON,June,2016,1025419.667
SEDDON,July,2016,825500
SEDDON,August,2016,764333.3333
SEDDON,September,2016,774166.6667
SEDDON,October,2016,974251.8
SEDDON,November,2016,1072654
SEDDON,December,2016,1073212
SEDDON,February,2017,1046462
SEDDON,March,2017,1092820.667
SEDDON,May,2017,921151.5455
SEDDON,June,2017,1058543.167
SEDDON,July,2017,857750
SEDDON,August,2017,1420600
SEDDON,September,2017,924600
SKYE,June,2017,555698
SKYE,July,2017,640000
SOUTH KINGSVILLE,April,2016,915000
SOUTH KINGSVILLE,June,2016,827416.6667
SOUTH KINGSVILLE,July,2016,420000
SOUTH KINGSVILLE,August,2016,583000
SOUTH KINGSVILLE,September,2016,704479.3333
SOUTH KINGSVILLE,November,2016,726239.6667
SOUTH KINGSVILLE,February,2017,508000
SOUTH KINGSVILLE,March,2017,922500
SOUTH KINGSVILLE,April,2017,632179.75
SOUTH KINGSVILLE,May,2017,851200
SOUTH KINGSVILLE,June,2017,790000
SOUTH KINGSVILLE,July,2017,730000
SOUTH KINGSVILLE,August,2017,922500
SOUTH KINGSVILLE,September,2017,1124000
SOUTH MELBOURNE,April,2016,1171400
SOUTH MELBOURNE,May,2016,1228115.583
SOUTH MELBOURNE,June,2016,1189340.333
SOUTH MELBOURNE,July,2016,625000
SOUTH MELBOURNE,August,2016,1060919
SOUTH MELBOURNE,September,2016,1331613.909
SOUTH MELBOURNE,October,2016,1414333.333
SOUTH MELBOURNE,November,2016,1134971.1
SOUTH MELBOURNE,December,2016,1449926.444
SOUTH MELBOURNE,February,2017,1325000
SOUTH MELBOURNE,March,2017,1248483.857
SOUTH MELBOURNE,April,2017,1013954.9
SOUTH MELBOURNE,May,2017,1903298.714
SOUTH MELBOURNE,June,2017,1351947.1
SOUTH MELBOURNE,July,2017,1608639.667
SOUTH MELBOURNE,August,2017,1655384.091
SOUTH MELBOURNE,September,2017,1090769.231
SOUTH MORANG,May,2017,380000
SOUTH MORANG,June,2017,655388.8889
SOUTH MORANG,July,2017,653772.6818
SOUTH MORANG,August,2017,595819.6667
SOUTH MORANG,September,2017,609156.4167
SOUTH YARRA,April,2016,997781
SOUTH YARRA,May,2016,953398.2692
SOUTH YARRA,June,2016,900420.68
SOUTH YARRA,July,2016,542375
SOUTH YARRA,August,2016,936750.7059
SOUTH YARRA,September,2016,1044268.818
SOUTH YARRA,October,2016,1225128.789
SOUTH YARRA,November,2016,1413514.7
SOUTH YARRA,December,2016,1065170.611
SOUTH YARRA,February,2017,935649.6154
SOUTH YARRA,March,2017,1176965.957
SOUTH YARRA,April,2017,1147788.765
SOUTH YARRA,May,2017,1257740.48
SOUTH YARRA,June,2017,1071551.722
SOUTH YARRA,July,2017,844384.2381
SOUTH YARRA,August,2017,778624.9231
SOUTH YARRA,September,2017,1074007.7
SOUTHBANK,February,2016,423500
SOUTHBANK,April,2016,644666.6667
SOUTHBANK,May,2016,638814.8889
SOUTHBANK,June,2016,620600
SOUTHBANK,July,2016,661250
SOUTHBANK,August,2016,513229.25
SOUTHBANK,September,2016,672800
SOUTHBANK,November,2016,832000
SOUTHBANK,February,2017,527208.5
SOUTHBANK,March,2017,554875
SOUTHBANK,April,2017,560000
SOUTHBANK,May,2017,594854.25
SOUTHBANK,June,2017,573569.5
SOUTHBANK,July,2017,665708.5
SOUTHBANK,August,2017,612208.5
SOUTHBANK,September,2017,487750
SPOTSWOOD,April,2016,831000
SPOTSWOOD,May,2016,832500
SPOTSWOOD,June,2016,977333.3333
SPOTSWOOD,July,2016,1016000
SPOTSWOOD,August,2016,863250
SPOTSWOOD,September,2016,948750
SPOTSWOOD,October,2016,850000
SPOTSWOOD,November,2016,978240
SPOTSWOOD,December,2016,1130600
SPOTSWOOD,February,2017,968000
SPOTSWOOD,March,2017,760875
SPOTSWOOD,April,2017,786666.6667
SPOTSWOOD,May,2017,1021457.2
SPOTSWOOD,June,2017,750643
SPOTSWOOD,July,2017,997000
SPOTSWOOD,August,2017,782833.3333
SPOTSWOOD,September,2017,1240000
SPRINGVALE,May,2017,784050
SPRINGVALE,June,2017,692333.3333
SPRINGVALE,July,2017,780092.8571
SPRINGVALE,August,2017,784050
SPRINGVALE,September,2017,735500
SPRINGVALE SOUTH,July,2017,712500
SPRINGVALE SOUTH,August,2017,750000
SPRINGVALE SOUTH,September,2017,725000
ST ALBANS,May,2017,674112.4
ST ALBANS,June,2017,553573.6667
ST ALBANS,July,2017,592040.1429
ST ALBANS,August,2017,580360.4615
ST ALBANS,September,2017,605042.875
ST HELENA,May,2017,1387000
ST HELENA,July,2017,805000
ST HELENA,September,2017,897000
ST KILDA,February,2016,694391
ST KILDA,April,2016,532375
ST KILDA,May,2016,675118.72
ST KILDA,June,2016,724355.0417
ST KILDA,July,2016,671282.25
ST KILDA,August,2016,623538.4615
ST KILDA,September,2016,1111376.042
ST KILDA,October,2016,630916.6667
ST KILDA,November,2016,892935.8485
ST KILDA,December,2016,1079626.778
ST KILDA,February,2017,841853.2308
ST KILDA,March,2017,1249102.393
ST KILDA,April,2017,966837.2
ST KILDA,May,2017,885175.6667
ST KILDA,June,2017,901306.4
ST KILDA,July,2017,566977
ST KILDA,August,2017,809627.6364
ST KILDA,September,2017,1058714.647
STRATHMORE,February,2016,1500000
STRATHMORE,April,2016,1021250
STRATHMORE,May,2016,1177857.143
STRATHMORE,June,2016,1138635
STRATHMORE,July,2016,1119098
STRATHMORE,August,2016,1073382.8
STRATHMORE,September,2016,1169248.333
STRATHMORE,October,2016,1014531.667
STRATHMORE,November,2016,1385833.333
STRATHMORE,December,2016,1259698
STRATHMORE,February,2017,1276333.333
STRATHMORE,March,2017,1137500
STRATHMORE,April,2017,1002282.857
STRATHMORE,May,2017,1062425.5
STRATHMORE,June,2017,1289750
STRATHMORE,July,2017,1109070
STRATHMORE,August,2017,1643200
STRATHMORE,September,2017,1213855.556
STRATHMORE HEIGHTS,May,2016,853333.3333
STRATHMORE HEIGHTS,June,2016,655000
STRATHMORE HEIGHTS,August,2016,780000
STRATHMORE HEIGHTS,September,2016,1260000
STRATHMORE HEIGHTS,November,2016,931999
STRATHMORE HEIGHTS,August,2017,1000000
SUNBURY,May,2017,477500
SUNBURY,June,2017,510010.8571
SUNBURY,July,2017,490509.5
SUNBURY,August,2017,545552.3636
SUNBURY,September,2017,549118.4167
SUNSHINE,April,2016,643202.3333
SUNSHINE,May,2016,635192.3077
SUNSHINE,June,2016,599100
SUNSHINE,July,2016,598163.5
SUNSHINE,August,2016,708521.6667
SUNSHINE,September,2016,575990.75
SUNSHINE,October,2016,725928.5714
SUNSHINE,November,2016,698900.3684
SUNSHINE,December,2016,757875.7143
SUNSHINE,February,2017,779267.8333
SUNSHINE,March,2017,788227.2727
SUNSHINE,April,2017,752508.9167
SUNSHINE,May,2017,907000
SUNSHINE,June,2017,750592.125
SUNSHINE,July,2017,744125
SUNSHINE,August,2017,695000
SUNSHINE,September,2017,733510
SUNSHINE NORTH,April,2016,689240
SUNSHINE NORTH,May,2016,631597.6364
SUNSHINE NORTH,June,2016,568802.5
SUNSHINE NORTH,July,2016,539614.8
SUNSHINE NORTH,August,2016,596222.2222
SUNSHINE NORTH,September,2016,596400
SUNSHINE NORTH,October,2016,599300
SUNSHINE NORTH,November,2016,724560
SUNSHINE NORTH,December,2016,668000
SUNSHINE NORTH,February,2017,611858
SUNSHINE NORTH,March,2017,649428.5714
SUNSHINE NORTH,April,2017,622762.3333
SUNSHINE NORTH,May,2017,672168
SUNSHINE NORTH,June,2017,625771.5
SUNSHINE NORTH,July,2017,581092.5714
SUNSHINE NORTH,August,2017,559166.6667
SUNSHINE NORTH,September,2017,648847.7333
SUNSHINE WEST,April,2016,511025.6667
SUNSHINE WEST,May,2016,549870.3333
SUNSHINE WEST,June,2016,488100
SUNSHINE WEST,July,2016,581769.25
SUNSHINE WEST,August,2016,512188.8182
SUNSHINE WEST,September,2016,521187.5
SUNSHINE WEST,October,2016,627019.25
SUNSHINE WEST,November,2016,571965.1333
SUNSHINE WEST,December,2016,556230.7778
SUNSHINE WEST,February,2017,726000
SUNSHINE WEST,March,2017,622644
SUNSHINE WEST,April,2017,556107.7
SUNSHINE WEST,May,2017,577240
SUNSHINE WEST,June,2017,557122.125
SUNSHINE WEST,July,2017,636980.7857
SUNSHINE WEST,August,2017,616400
SUNSHINE WEST,September,2017,600628.2222
SURREY HILLS,January,2016,1009000
SURREY HILLS,February,2016,930000
SURREY HILLS,April,2016,1551058.286
SURREY HILLS,May,2016,1454219.333
SURREY HILLS,June,2016,1637938.462
SURREY HILLS,July,2016,2050000
SURREY HILLS,August,2016,1912330.778
SURREY HILLS,September,2016,1573744.25
SURREY HILLS,October,2016,1480631.273
SURREY HILLS,November,2016,1470710.8
SURREY HILLS,December,2016,1719993.778
SURREY HILLS,February,2017,1346410.333
SURREY HILLS,March,2017,1500549
SURREY HILLS,April,2017,1985639
SURREY HILLS,May,2017,1526840.926
SURREY HILLS,June,2017,1657243.167
SURREY HILLS,July,2017,1587888.889
SURREY HILLS,August,2017,1869347.063
SURREY HILLS,September,2017,1760641
SYDENHAM,June,2017,471000
SYDENHAM,July,2017,590420
SYDENHAM,August,2017,629750
SYDENHAM,September,2017,580000
TARNEIT,May,2017,505000
TARNEIT,June,2017,550750
TARNEIT,July,2017,531872.1818
TARNEIT,August,2017,496500
TARNEIT,September,2017,512312.5
TAYLORS HILL,May,2017,645000
TAYLORS HILL,June,2017,619000
TAYLORS HILL,July,2017,595250
TAYLORS HILL,August,2017,726000
TAYLORS HILL,September,2017,728333.3333
TAYLORS LAKES,May,2017,971000
TAYLORS LAKES,June,2017,750065.6667
TAYLORS LAKES,July,2017,658409.0909
TAYLORS LAKES,August,2017,578000
TAYLORS LAKES,September,2017,722714.2857
TEMPLESTOWE,May,2017,1783571
TEMPLESTOWE,June,2017,1552300
TEMPLESTOWE,July,2017,1345300
TEMPLESTOWE,August,2017,1604015.385
TEMPLESTOWE,September,2017,1514971.375
TEMPLESTOWE LOWER,April,2016,1115440
TEMPLESTOWE LOWER,May,2016,1087093.692
TEMPLESTOWE LOWER,June,2016,997013.9333
TEMPLESTOWE LOWER,July,2016,1289750
TEMPLESTOWE LOWER,August,2016,1115637.182
TEMPLESTOWE LOWER,September,2016,1104582.1
TEMPLESTOWE LOWER,October,2016,945400
TEMPLESTOWE LOWER,November,2016,1234829.412
TEMPLESTOWE LOWER,December,2016,1014106.25
TEMPLESTOWE LOWER,February,2017,923084.8333
TEMPLESTOWE LOWER,March,2017,1153133
TEMPLESTOWE LOWER,April,2017,1376511.111
TEMPLESTOWE LOWER,May,2017,1261579.857
TEMPLESTOWE LOWER,June,2017,1139850
TEMPLESTOWE LOWER,July,2017,1305688.625
TEMPLESTOWE LOWER,August,2017,1239328.571
TEMPLESTOWE LOWER,September,2017,1356000
THE BASIN,July,2017,514100
THE BASIN,August,2017,610000
THE BASIN,September,2017,700000
THOMASTOWN,May,2017,656250
THOMASTOWN,June,2017,649083.3333
THOMASTOWN,July,2017,607449.25
THOMASTOWN,August,2017,592597
THOMASTOWN,September,2017,614883.2
THORNBURY,February,2016,1225000
THORNBURY,April,2016,883916.6667
THORNBURY,May,2016,959115.25
THORNBURY,June,2016,853953.4615
THORNBURY,July,2016,1109043
THORNBURY,August,2016,965105.5455
THORNBURY,September,2016,917993.8
THORNBURY,October,2016,1043400
THORNBURY,November,2016,827994.3636
THORNBURY,December,2016,683570.9
THORNBURY,February,2017,1066285.308
THORNBURY,March,2017,1042710.182
THORNBURY,April,2017,989769.2308
THORNBURY,May,2017,1085880.714
THORNBURY,June,2017,1100407.647
THORNBURY,July,2017,955500
THORNBURY,August,2017,937437.7857
THORNBURY,September,2017,1158339.375
TOORAK,April,2016,2149598.667
TOORAK,May,2016,1709560.824
TOORAK,June,2016,1455156.333
TOORAK,July,2016,894132.6667
TOORAK,August,2016,1962745.75
TOORAK,September,2016,1697645.273
TOORAK,October,2016,1960453.417
TOORAK,November,2016,2121475.25
TOORAK,December,2016,2396303.769
TOORAK,February,2017,1742705.125
TOORAK,March,2017,2158995
TOORAK,April,2017,1290700
TOORAK,May,2017,2394683.5
TOORAK,June,2017,1860310.222
TOORAK,July,2017,1258450.571
TOORAK,August,2017,1530004.364
TOORAK,September,2017,1935186.737
TRAVANCORE,May,2016,1027500
TRAVANCORE,June,2016,752833.3333
TRAVANCORE,August,2016,1257000
TRAVANCORE,October,2016,1562000
TRAVANCORE,November,2016,1184958.5
TRAVANCORE,December,2016,503000
TRAVANCORE,May,2017,360000
TRAVANCORE,June,2017,856000
TRAVANCORE,July,2017,341500
TRAVANCORE,August,2017,2070000
TRUGANINA,May,2017,461500
TRUGANINA,June,2017,587667
TRUGANINA,July,2017,452175
TRUGANINA,August,2017,579000
TRUGANINA,September,2017,545668.3333
TULLAMARINE,May,2017,625000
TULLAMARINE,June,2017,355000
TULLAMARINE,July,2017,603978.6
TULLAMARINE,August,2017,516071.4286
TULLAMARINE,September,2017,604375
VERMONT,May,2017,1163792
VERMONT,June,2017,1068200
VERMONT,July,2017,1005500
VERMONT,August,2017,999450
VERMONT,September,2017,948577.8333
VERMONT SOUTH,May,2017,1243300
VERMONT SOUTH,June,2017,1253285.714
VERMONT SOUTH,July,2017,1269533.333
VERMONT SOUTH,August,2017,1130041.625
VERMONT SOUTH,September,2017,1123750
VIEWBANK,May,2016,879798.6667
VIEWBANK,June,2016,832700
VIEWBANK,July,2016,875666.6667
VIEWBANK,August,2016,912005.75
VIEWBANK,September,2016,981500
VIEWBANK,November,2016,957914.1429
VIEWBANK,December,2016,825448.3333
VIEWBANK,February,2017,915000
VIEWBANK,March,2017,1000125
VIEWBANK,April,2017,1056007.667
VIEWBANK,May,2017,980394.5
VIEWBANK,June,2017,953804.6
VIEWBANK,July,2017,967938
VIEWBANK,August,2017,1272737.6
VIEWBANK,September,2017,1075394.5
WALLAN,June,2017,366000
WALLAN,August,2017,366000
WALLAN,September,2017,366000
WANTIRNA,May,2017,805000
WANTIRNA,June,2017,978300
WANTIRNA,July,2017,919541.6667
WANTIRNA,August,2017,1034766.667
WANTIRNA,September,2017,930000
WANTIRNA SOUTH,June,2017,1269250
WANTIRNA SOUTH,July,2017,881000
WANTIRNA SOUTH,August,2017,1134200
WANTIRNA SOUTH,September,2017,1211396.857
WARRANDYTE,May,2017,1050000
WARRANDYTE,June,2017,1025000
WARRANDYTE,July,2017,1028000
WARRANDYTE,August,2017,1600000
WARRANDYTE,September,2017,1150000
WATERWAYS,July,2017,1265000
WATERWAYS,September,2017,1232000
WATSONIA,April,2016,762500
WATSONIA,May,2016,688423
WATSONIA,June,2016,637500
WATSONIA,July,2016,855793.5
WATSONIA,August,2016,714333.3333
WATSONIA,September,2016,713000
WATSONIA,October,2016,738915
WATSONIA,November,2016,656279
WATSONIA,December,2016,632000
WATSONIA,February,2017,632000
WATSONIA,March,2017,892500
WATSONIA,April,2017,822166.6667
WATSONIA,May,2017,912793.5
WATSONIA,June,2017,891666.6667
WATSONIA,July,2017,725000
WATSONIA,August,2017,740792.25
WATSONIA,September,2017,786750
WATSONIA NORTH,May,2017,716333.3333
WATSONIA NORTH,June,2017,747955.25
WATSONIA NORTH,July,2017,780250
WATSONIA NORTH,August,2017,740571
WATSONIA NORTH,September,2017,920000
WERRIBEE,May,2017,499591.25
WERRIBEE,June,2017,505958.3333
WERRIBEE,July,2017,527441
WERRIBEE,August,2017,533797.0833
WERRIBEE,September,2017,520248.9474
WEST FOOTSCRAY,February,2016,1415000
WEST FOOTSCRAY,May,2016,611816.0909
WEST FOOTSCRAY,June,2016,769595.5
WEST FOOTSCRAY,July,2016,885480.3333
WEST FOOTSCRAY,August,2016,717345.5
WEST FOOTSCRAY,September,2016,737580.8333
WEST FOOTSCRAY,October,2016,764483.5556
WEST FOOTSCRAY,November,2016,711310.6364
WEST FOOTSCRAY,December,2016,840681.75
WEST FOOTSCRAY,February,2017,662377.5714
WEST FOOTSCRAY,March,2017,675489.625
WEST FOOTSCRAY,April,2017,745786.4286
WEST FOOTSCRAY,May,2017,781800
WEST FOOTSCRAY,June,2017,836800
WEST FOOTSCRAY,July,2017,762926.9231
WEST FOOTSCRAY,August,2017,891812.5
WEST FOOTSCRAY,September,2017,757404.9231
WEST MELBOURNE,May,2016,873000
WEST MELBOURNE,June,2016,1073000
WEST MELBOURNE,July,2016,541500
WEST MELBOURNE,August,2016,1031470.5
WEST MELBOURNE,September,2016,771000
WEST MELBOURNE,October,2016,1158970.5
WEST MELBOURNE,November,2016,836000
WEST MELBOURNE,December,2016,956470.5
WEST MELBOURNE,February,2017,901000
WEST MELBOURNE,March,2017,889000
WEST MELBOURNE,April,2017,674000
WEST MELBOURNE,May,2017,982242.625
WEST MELBOURNE,June,2017,1081000
WEST MELBOURNE,July,2017,944588.2
WEST MELBOURNE,September,2017,1384492.625
WESTMEADOWS,May,2017,485833.5
WESTMEADOWS,June,2017,545000
WESTMEADOWS,July,2017,645208.2857
WESTMEADOWS,August,2017,682750
WESTMEADOWS,September,2017,533452.4286
WHEELERS HILL,May,2017,1170723.2
WHEELERS HILL,June,2017,1247622.75
WHEELERS HILL,July,2017,1286840.375
WHEELERS HILL,August,2017,1244301.455
WHEELERS HILL,September,2017,1289842.692
WHITTLESEA,July,2017,601000
WHITTLESEA,August,2017,440000
WILLIAMS LANDING,September,2017,555000
WILLIAMSTOWN,April,2016,1208490
WILLIAMSTOWN,May,2016,1007464.7
WILLIAMSTOWN,June,2016,1527437.5
WILLIAMSTOWN,July,2016,1530957.333
WILLIAMSTOWN,August,2016,1385036.75
WILLIAMSTOWN,September,2016,1078419.231
WILLIAMSTOWN,October,2016,1157000
WILLIAMSTOWN,November,2016,1359675.556
WILLIAMSTOWN,December,2016,1141430.429
WILLIAMSTOWN,February,2017,1238934.167
WILLIAMSTOWN,March,2017,1828888.889
WILLIAMSTOWN,April,2017,1075888.889
WILLIAMSTOWN,May,2017,1382037.5
WILLIAMSTOWN,June,2017,1609908.333
WILLIAMSTOWN,July,2017,1163383.333
WILLIAMSTOWN,August,2017,1678916.667
WILLIAMSTOWN,September,2017,1046445.375
WILLIAMSTOWN NORTH,April,2016,600000
WILLIAMSTOWN NORTH,June,2016,380000
WILLIAMSTOWN NORTH,August,2016,881000
WILLIAMSTOWN NORTH,September,2016,433750
WILLIAMSTOWN NORTH,October,2016,905000
WILLIAMSTOWN NORTH,November,2016,1332500
WILLIAMSTOWN NORTH,December,2016,969666.6667
WILLIAMSTOWN NORTH,March,2017,460000
WILLIAMSTOWN NORTH,April,2017,901200
WILLIAMSTOWN NORTH,May,2017,1169250
WILLIAMSTOWN NORTH,September,2017,1300000
WINDSOR,April,2016,804691
WINDSOR,May,2016,855711.4615
WINDSOR,June,2016,1442050
WINDSOR,July,2016,512250
WINDSOR,August,2016,946507.375
WINDSOR,September,2016,1070853
WINDSOR,October,2016,808687.5
WINDSOR,November,2016,1251679.778
WINDSOR,December,2016,1036125
WINDSOR,February,2017,888500
WINDSOR,March,2017,1443075.545
WINDSOR,April,2017,672250
WINDSOR,May,2017,747345.5
WINDSOR,June,2017,1137938.2
WINDSOR,July,2017,751553.25
WINDSOR,August,2017,642500
WINDSOR,September,2017,1352075
WOLLERT,May,2017,595000
WOLLERT,June,2017,546000
WOLLERT,July,2017,525641.625
WOLLERT,August,2017,493477.6667
WOLLERT,September,2017,580666.6667
WYNDHAM VALE,June,2017,564406.3333
WYNDHAM VALE,July,2017,501827.25
WYNDHAM VALE,August,2017,561929.2857
WYNDHAM VALE,September,2017,518700
YALLAMBIE,April,2016,880396
YALLAMBIE,May,2016,774000
YALLAMBIE,June,2016,731000
YALLAMBIE,July,2016,888000
YALLAMBIE,August,2016,664500
YALLAMBIE,September,2016,723849
YALLAMBIE,October,2016,847500
YALLAMBIE,November,2016,738600
YALLAMBIE,December,2016,760000
YALLAMBIE,February,2017,736500
YALLAMBIE,March,2017,854000
YALLAMBIE,April,2017,926161.5
YALLAMBIE,May,2017,838250
YALLAMBIE,June,2017,1174000
YALLAMBIE,July,2017,748402
YALLAMBIE,August,2017,1062500
YALLAMBIE,September,2017,857000
YARRA GLEN,July,2017,620000
YARRAVILLE,February,2016,890000
YARRAVILLE,April,2016,796916.6667
YARRAVILLE,May,2016,998836.8
YARRAVILLE,June,2016,872197.2
YARRAVILLE,July,2016,1060922.571
YARRAVILLE,August,2016,785154.0769
YARRAVILLE,September,2016,926936.9286
YARRAVILLE,October,2016,1160879.25
YARRAVILLE,November,2016,1079489.882
YARRAVILLE,December,2016,975690.5385
YARRAVILLE,February,2017,962121.9091
YARRAVILLE,March,2017,1003441.176
YARRAVILLE,April,2017,1080238.643
YARRAVILLE,May,2017,865084.1
YARRAVILLE,June,2017,1091127.875
YARRAVILLE,July,2017,1090911.765
YARRAVILLE,August,2017,974167.625
YARRAVILLE,September,2017,979218.6111
