CouncilArea,Suburb,DateMonth,avg_price
Bayside,Beaumaris,1/01/2016,1802798
Bayside,Beaumaris,1/02/2016,1802798
Bayside,Beaumaris,1/03/2016,1802798
Bayside,Beaumaris,1/04/2016,1802798
Bayside,Beaumaris,1/05/2016,1802798
Bayside,Beaumaris,1/06/2016,1802798
Bayside,Beaumaris,1/07/2016,1802798
Bayside,Beaumaris,1/08/2016,1802798
Bayside,Beaumaris,1/09/2016,1802798
Bayside,Beaumaris,1/10/2016,1802798
Bayside,Beaumaris,1/11/2016,1802798
Bayside,Beaumaris,1/12/2016,1802798
Bayside,Beaumaris,1/01/2017,1802798
Bayside,Beaumaris,1/02/2017,1802798
Bayside,Beaumaris,1/03/2017,1802798
Bayside,Beaumaris,1/04/2017,1802798
Bayside,Beaumaris,1/05/2017,2364375
Bayside,Beaumaris,1/06/2017,1733458
Bayside,Beaumaris,1/07/2017,1373575
Bayside,Beaumaris,1/08/2017,1860200
Bayside,Beaumaris,1/09/2017,1682379
Bayside,Beaumaris,1/10/2017,1802798
Bayside,Beaumaris,1/11/2017,1802798
Bayside,Beaumaris,1/12/2017,1802798
Bayside,Black Rock,1/01/2016,1189977
Bayside,Black Rock,1/02/2016,1189977
Bayside,Black Rock,1/03/2016,1189977
Bayside,Black Rock,1/04/2016,1189977
Bayside,Black Rock,1/05/2016,1189977
Bayside,Black Rock,1/06/2016,1189977
Bayside,Black Rock,1/07/2016,1189977
Bayside,Black Rock,1/08/2016,1189977
Bayside,Black Rock,1/09/2016,1189977
Bayside,Black Rock,1/10/2016,1189977
Bayside,Black Rock,1/11/2016,1189977
Bayside,Black Rock,1/12/2016,1189977
Bayside,Black Rock,1/01/2017,1189977
Bayside,Black Rock,1/02/2017,1189977
Bayside,Black Rock,1/03/2017,1189977
Bayside,Black Rock,1/04/2017,1189977
Bayside,Black Rock,1/05/2017,851750
Bayside,Black Rock,1/06/2017,1165333
Bayside,Black Rock,1/07/2017,907500
Bayside,Black Rock,1/08/2017,1386089
Bayside,Black Rock,1/09/2017,1639214
Bayside,Black Rock,1/10/2017,1189977
Bayside,Black Rock,1/11/2017,1189977
Bayside,Black Rock,1/12/2017,1189977
Bayside,Brighton,1/01/2016,1953745
Bayside,Brighton,1/02/2016,1953745
Bayside,Brighton,1/03/2016,1953745
Bayside,Brighton,1/04/2016,1658295
Bayside,Brighton,1/05/2016,1750894
Bayside,Brighton,1/06/2016,2023238
Bayside,Brighton,1/07/2016,1843903
Bayside,Brighton,1/08/2016,1907993
Bayside,Brighton,1/09/2016,1832204
Bayside,Brighton,1/10/2016,1633788
Bayside,Brighton,1/11/2016,2055337
Bayside,Brighton,1/12/2016,2246517
Bayside,Brighton,1/01/2017,1953745
Bayside,Brighton,1/02/2017,1864472
Bayside,Brighton,1/03/2017,2165169
Bayside,Brighton,1/04/2017,2499042
Bayside,Brighton,1/05/2017,2060880
Bayside,Brighton,1/06/2017,1857148
Bayside,Brighton,1/07/2017,1573093
Bayside,Brighton,1/08/2017,2177673
Bayside,Brighton,1/09/2017,2064011
Bayside,Brighton,1/10/2017,1953745
Bayside,Brighton,1/11/2017,1953745
Bayside,Brighton,1/12/2017,1953745
Bayside,Brighton East,1/01/2016,1595746
Bayside,Brighton East,1/02/2016,1595746
Bayside,Brighton East,1/03/2016,1595746
Bayside,Brighton East,1/04/2016,1701288
Bayside,Brighton East,1/05/2016,1517331
Bayside,Brighton East,1/06/2016,1891280
Bayside,Brighton East,1/07/2016,909000
Bayside,Brighton East,1/08/2016,1620469
Bayside,Brighton East,1/09/2016,1683902
Bayside,Brighton East,1/10/2016,1945918
Bayside,Brighton East,1/11/2016,1697062
Bayside,Brighton East,1/12/2016,1633779
Bayside,Brighton East,1/01/2017,1595746
Bayside,Brighton East,1/02/2017,1515293
Bayside,Brighton East,1/03/2017,1565665
Bayside,Brighton East,1/04/2017,1583170
Bayside,Brighton East,1/05/2017,1694139
Bayside,Brighton East,1/06/2017,1870254
Bayside,Brighton East,1/07/2017,1181260
Bayside,Brighton East,1/08/2017,1528031
Bayside,Brighton East,1/09/2017,1589847
Bayside,Brighton East,1/10/2017,1595746
Bayside,Brighton East,1/11/2017,1595746
Bayside,Brighton East,1/12/2017,1595746
Bayside,Cheltenham,1/01/2016,1129167
Bayside,Cheltenham,1/02/2016,1129167
Bayside,Cheltenham,1/03/2016,1129167
Bayside,Cheltenham,1/04/2016,1129167
Bayside,Cheltenham,1/05/2016,1129167
Bayside,Cheltenham,1/06/2016,1129167
Bayside,Cheltenham,1/07/2016,1129167
Bayside,Cheltenham,1/08/2016,1129167
Bayside,Cheltenham,1/09/2016,1129167
Bayside,Cheltenham,1/10/2016,1129167
Bayside,Cheltenham,1/11/2016,1129167
Bayside,Cheltenham,1/12/2016,1129167
Bayside,Cheltenham,1/01/2017,1129167
Bayside,Cheltenham,1/02/2017,1129167
Bayside,Cheltenham,1/03/2017,1129167
Bayside,Cheltenham,1/04/2017,1129167
Bayside,Cheltenham,1/05/2017,1129167
Bayside,Cheltenham,1/06/2017,1500000
Bayside,Cheltenham,1/07/2017,687500
Bayside,Cheltenham,1/08/2017,1200000
Bayside,Cheltenham,1/09/2017,1129167
Bayside,Cheltenham,1/10/2017,1129167
Bayside,Cheltenham,1/11/2017,1129167
Bayside,Cheltenham,1/12/2017,1129167
Bayside,Hampton,1/01/2016,1578953
Bayside,Hampton,1/02/2016,1578953
Bayside,Hampton,1/03/2016,1578953
Bayside,Hampton,1/04/2016,1567104
Bayside,Hampton,1/05/2016,1465414
Bayside,Hampton,1/06/2016,1410476
Bayside,Hampton,1/07/2016,1273172
Bayside,Hampton,1/08/2016,1756875
Bayside,Hampton,1/09/2016,1863513
Bayside,Hampton,1/10/2016,1176052
Bayside,Hampton,1/11/2016,1866218
Bayside,Hampton,1/12/2016,1570670
Bayside,Hampton,1/01/2017,1578953
Bayside,Hampton,1/02/2017,1390932
Bayside,Hampton,1/03/2017,1531357
Bayside,Hampton,1/04/2017,1289233
Bayside,Hampton,1/05/2017,1718804
Bayside,Hampton,1/06/2017,1493471
Bayside,Hampton,1/07/2017,1621559
Bayside,Hampton,1/08/2017,1858063
Bayside,Hampton,1/09/2017,1989286
Bayside,Hampton,1/10/2017,1578953
Bayside,Hampton,1/11/2017,1578953
Bayside,Hampton,1/12/2017,1578953
Bayside,Hampton East,1/01/2016,1084500
Bayside,Hampton East,1/02/2016,1084500
Bayside,Hampton East,1/03/2016,1084500
Bayside,Hampton East,1/04/2016,1225000
Bayside,Hampton East,1/05/2016,1124445
Bayside,Hampton East,1/06/2016,852704
Bayside,Hampton East,1/07/2016,1235000
Bayside,Hampton East,1/08/2016,1098572
Bayside,Hampton East,1/09/2016,1321112
Bayside,Hampton East,1/10/2016,1117224
Bayside,Hampton East,1/11/2016,1047537
Bayside,Hampton East,1/12/2016,1118048
Bayside,Hampton East,1/01/2017,1084500
Bayside,Hampton East,1/02/2017,1071296
Bayside,Hampton East,1/03/2017,669500
Bayside,Hampton East,1/04/2017,976614
Bayside,Hampton East,1/05/2017,1222651
Bayside,Hampton East,1/06/2017,1078500
Bayside,Hampton East,1/07/2017,1069556
Bayside,Hampton East,1/08/2017,1185963
Bayside,Hampton East,1/09/2017,1022772
Bayside,Hampton East,1/10/2017,1084500
Bayside,Hampton East,1/11/2017,1084500
Bayside,Hampton East,1/12/2017,1084500
Bayside,Highett,1/01/2016,1209286
Bayside,Highett,1/02/2016,1209286
Bayside,Highett,1/03/2016,1209286
Bayside,Highett,1/04/2016,1209286
Bayside,Highett,1/05/2016,1209286
Bayside,Highett,1/06/2016,1209286
Bayside,Highett,1/07/2016,1209286
Bayside,Highett,1/08/2016,1209286
Bayside,Highett,1/09/2016,1209286
Bayside,Highett,1/10/2016,1209286
Bayside,Highett,1/11/2016,1209286
Bayside,Highett,1/12/2016,1209286
Bayside,Highett,1/01/2017,1209286
Bayside,Highett,1/02/2017,1209286
Bayside,Highett,1/03/2017,1209286
Bayside,Highett,1/04/2017,1209286
Bayside,Highett,1/05/2017,1455421
Bayside,Highett,1/06/2017,1076787
Bayside,Highett,1/07/2017,1137639
Bayside,Highett,1/08/2017,1306625
Bayside,Highett,1/09/2017,1069958
Bayside,Highett,1/10/2017,1209286
Bayside,Highett,1/11/2017,1209286
Bayside,Highett,1/12/2017,1209286
Bayside,Sandringham,1/01/2016,1495897
Bayside,Sandringham,1/02/2016,1495897
Bayside,Sandringham,1/03/2016,1495897
Bayside,Sandringham,1/04/2016,1495897
Bayside,Sandringham,1/05/2016,1495897
Bayside,Sandringham,1/06/2016,1495897
Bayside,Sandringham,1/07/2016,1495897
Bayside,Sandringham,1/08/2016,1495897
Bayside,Sandringham,1/09/2016,1495897
Bayside,Sandringham,1/10/2016,1495897
Bayside,Sandringham,1/11/2016,1495897
Bayside,Sandringham,1/12/2016,1495897
Bayside,Sandringham,1/01/2017,1495897
Bayside,Sandringham,1/02/2017,1495897
Bayside,Sandringham,1/03/2017,1495897
Bayside,Sandringham,1/04/2017,1495897
Bayside,Sandringham,1/05/2017,1183721
Bayside,Sandringham,1/06/2017,1646714
Bayside,Sandringham,1/07/2017,1177786
Bayside,Sandringham,1/08/2017,1695339
Bayside,Sandringham,1/09/2017,1775925
Bayside,Sandringham,1/10/2017,1495897
Bayside,Sandringham,1/11/2017,1495897
Bayside,Sandringham,1/12/2017,1495897
Boroondara,Ashburton,1/01/2016,1609885
Boroondara,Ashburton,1/02/2016,1506365
Boroondara,Ashburton,1/03/2016,1609885
Boroondara,Ashburton,1/04/2016,1471932
Boroondara,Ashburton,1/05/2016,1642381
Boroondara,Ashburton,1/06/2016,1421818
Boroondara,Ashburton,1/07/2016,1440000
Boroondara,Ashburton,1/08/2016,1694826
Boroondara,Ashburton,1/09/2016,1914125
Boroondara,Ashburton,1/10/2016,1364800
Boroondara,Ashburton,1/11/2016,1503104
Boroondara,Ashburton,1/12/2016,1578961
Boroondara,Ashburton,1/01/2017,1609885
Boroondara,Ashburton,1/02/2017,1712031
Boroondara,Ashburton,1/03/2017,1758944
Boroondara,Ashburton,1/04/2017,1543278
Boroondara,Ashburton,1/05/2017,1796773
Boroondara,Ashburton,1/06/2017,1991655
Boroondara,Ashburton,1/07/2017,1464510
Boroondara,Ashburton,1/08/2017,1674563
Boroondara,Ashburton,1/09/2017,1497861
Boroondara,Ashburton,1/10/2017,1609885
Boroondara,Ashburton,1/11/2017,1609885
Boroondara,Ashburton,1/12/2017,1609885
Boroondara,Balwyn,1/01/2016,1768505
Boroondara,Balwyn,1/02/2016,450000
Boroondara,Balwyn,1/03/2016,1768505
Boroondara,Balwyn,1/04/2016,1576472
Boroondara,Balwyn,1/05/2016,1992106
Boroondara,Balwyn,1/06/2016,2107311
Boroondara,Balwyn,1/07/2016,2120100
Boroondara,Balwyn,1/08/2016,1579519
Boroondara,Balwyn,1/09/2016,1665035
Boroondara,Balwyn,1/10/2016,1695330
Boroondara,Balwyn,1/11/2016,1919145
Boroondara,Balwyn,1/12/2016,1986409
Boroondara,Balwyn,1/01/2017,1768505
Boroondara,Balwyn,1/02/2017,2049321
Boroondara,Balwyn,1/03/2017,2071172
Boroondara,Balwyn,1/04/2017,1296580
Boroondara,Balwyn,1/05/2017,1408383
Boroondara,Balwyn,1/06/2017,2071807
Boroondara,Balwyn,1/07/2017,2092935
Boroondara,Balwyn,1/08/2017,1757467
Boroondara,Balwyn,1/09/2017,1993994
Boroondara,Balwyn,1/10/2017,1768505
Boroondara,Balwyn,1/11/2017,1768505
Boroondara,Balwyn,1/12/2017,1768505
Boroondara,Balwyn North,1/01/2016,1776862
Boroondara,Balwyn North,1/02/2016,1776862
Boroondara,Balwyn North,1/03/2016,1776862
Boroondara,Balwyn North,1/04/2016,1916996
Boroondara,Balwyn North,1/05/2016,1582082
Boroondara,Balwyn North,1/06/2016,1782839
Boroondara,Balwyn North,1/07/2016,1657572
Boroondara,Balwyn North,1/08/2016,1830825
Boroondara,Balwyn North,1/09/2016,1707856
Boroondara,Balwyn North,1/10/2016,1835549
Boroondara,Balwyn North,1/11/2016,1627091
Boroondara,Balwyn North,1/12/2016,2004441
Boroondara,Balwyn North,1/01/2017,1776862
Boroondara,Balwyn North,1/02/2017,1646500
Boroondara,Balwyn North,1/03/2017,1814930
Boroondara,Balwyn North,1/04/2017,1821599
Boroondara,Balwyn North,1/05/2017,1675198
Boroondara,Balwyn North,1/06/2017,1786646
Boroondara,Balwyn North,1/07/2017,1661491
Boroondara,Balwyn North,1/08/2017,2033390
Boroondara,Balwyn North,1/09/2017,1821647
Boroondara,Balwyn North,1/10/2017,1776862
Boroondara,Balwyn North,1/11/2017,1776862
Boroondara,Balwyn North,1/12/2017,1776862
Boroondara,Camberwell,1/01/2016,1830524
Boroondara,Camberwell,1/02/2016,1830524
Boroondara,Camberwell,1/03/2016,1830524
Boroondara,Camberwell,1/04/2016,1618702
Boroondara,Camberwell,1/05/2016,2278600
Boroondara,Camberwell,1/06/2016,1528849
Boroondara,Camberwell,1/07/2016,1175860
Boroondara,Camberwell,1/08/2016,2174429
Boroondara,Camberwell,1/09/2016,2031819
Boroondara,Camberwell,1/10/2016,1931759
Boroondara,Camberwell,1/11/2016,1510309
Boroondara,Camberwell,1/12/2016,1960129
Boroondara,Camberwell,1/01/2017,1830524
Boroondara,Camberwell,1/02/2017,2140156
Boroondara,Camberwell,1/03/2017,1994654
Boroondara,Camberwell,1/04/2017,1388154
Boroondara,Camberwell,1/05/2017,2321167
Boroondara,Camberwell,1/06/2017,1818598
Boroondara,Camberwell,1/07/2017,1267068
Boroondara,Camberwell,1/08/2017,1928012
Boroondara,Camberwell,1/09/2017,2050648
Boroondara,Camberwell,1/10/2017,1830524
Boroondara,Camberwell,1/11/2017,1830524
Boroondara,Camberwell,1/12/2017,1830524
Boroondara,Canterbury,1/01/2016,2218289
Boroondara,Canterbury,1/01/2016,2778864
Boroondara,Canterbury,1/02/2016,2218289
Boroondara,Canterbury,1/03/2016,2218289
Boroondara,Canterbury,1/04/2016,1317238
Boroondara,Canterbury,1/05/2016,3077349
Boroondara,Canterbury,1/06/2016,1134080
Boroondara,Canterbury,1/07/2016,1421594
Boroondara,Canterbury,1/08/2016,2944280
Boroondara,Canterbury,1/09/2016,1859540
Boroondara,Canterbury,1/10/2016,2350644
Boroondara,Canterbury,1/11/2016,2118858
Boroondara,Canterbury,1/12/2016,2660973
Boroondara,Canterbury,1/01/2017,2218289
Boroondara,Canterbury,1/02/2017,3289432
Boroondara,Canterbury,1/03/2017,2409025
Boroondara,Canterbury,1/04/2017,2014000
Boroondara,Canterbury,1/05/2017,3098145
Boroondara,Canterbury,1/06/2017,1937691
Boroondara,Canterbury,1/07/2017,816000
Boroondara,Canterbury,1/08/2017,2319074
Boroondara,Canterbury,1/09/2017,2382418
Boroondara,Canterbury,1/10/2017,2218289
Boroondara,Canterbury,1/11/2017,2218289
Boroondara,Canterbury,1/12/2017,2218289
Boroondara,Deepdene,1/01/2016,1715000
Boroondara,Deepdene,1/02/2016,1715000
Boroondara,Deepdene,1/03/2016,1715000
Boroondara,Deepdene,1/04/2016,1715000
Boroondara,Deepdene,1/05/2016,1715000
Boroondara,Deepdene,1/06/2016,1715000
Boroondara,Deepdene,1/07/2016,1715000
Boroondara,Deepdene,1/08/2016,1715000
Boroondara,Deepdene,1/09/2016,1715000
Boroondara,Deepdene,1/10/2016,1715000
Boroondara,Deepdene,1/11/2016,1715000
Boroondara,Deepdene,1/12/2016,1715000
Boroondara,Deepdene,1/01/2017,1715000
Boroondara,Deepdene,1/02/2017,1715000
Boroondara,Deepdene,1/03/2017,1715000
Boroondara,Deepdene,1/04/2017,1715000
Boroondara,Deepdene,1/05/2017,1715000
Boroondara,Deepdene,1/06/2017,1715000
Boroondara,Deepdene,1/07/2017,1715000
Boroondara,Deepdene,1/08/2017,1715000
Boroondara,Deepdene,1/09/2017,1715000
Boroondara,Deepdene,1/10/2017,1715000
Boroondara,Deepdene,1/11/2017,1715000
Boroondara,Deepdene,1/12/2017,1715000
Boroondara,Glen Iris,1/01/2016,1719604
Boroondara,Glen Iris,1/02/2016,1719604
Boroondara,Glen Iris,1/03/2016,1719604
Boroondara,Glen Iris,1/04/2016,1813817
Boroondara,Glen Iris,1/05/2016,1788852
Boroondara,Glen Iris,1/06/2016,1504636
Boroondara,Glen Iris,1/07/2016,1687216
Boroondara,Glen Iris,1/08/2016,1782424
Boroondara,Glen Iris,1/09/2016,1511910
Boroondara,Glen Iris,1/10/2016,1728053
Boroondara,Glen Iris,1/11/2016,1869739
Boroondara,Glen Iris,1/12/2016,1737245
Boroondara,Glen Iris,1/01/2017,1719604
Boroondara,Glen Iris,1/02/2017,1809717
Boroondara,Glen Iris,1/03/2017,1825356
Boroondara,Glen Iris,1/04/2017,1623465
Boroondara,Glen Iris,1/05/2017,1702708
Boroondara,Glen Iris,1/06/2017,1903497
Boroondara,Glen Iris,1/07/2017,1697940
Boroondara,Glen Iris,1/08/2017,1761339
Boroondara,Glen Iris,1/09/2017,1485345
Boroondara,Glen Iris,1/10/2017,1719604
Boroondara,Glen Iris,1/11/2017,1719604
Boroondara,Glen Iris,1/12/2017,1719604
Boroondara,Hawthorn,1/01/2016,1376518
Boroondara,Hawthorn,1/02/2016,1376517
Boroondara,Hawthorn,1/03/2016,1376517
Boroondara,Hawthorn,1/04/2016,1904851
Boroondara,Hawthorn,1/05/2016,1288945
Boroondara,Hawthorn,1/06/2016,1461775
Boroondara,Hawthorn,1/07/2016,890500
Boroondara,Hawthorn,1/08/2016,1576312
Boroondara,Hawthorn,1/09/2016,1365962
Boroondara,Hawthorn,1/10/2016,1359378
Boroondara,Hawthorn,1/11/2016,1145552
Boroondara,Hawthorn,1/12/2016,1527639
Boroondara,Hawthorn,1/01/2017,1376517
Boroondara,Hawthorn,1/02/2017,1593212
Boroondara,Hawthorn,1/03/2017,1586385
Boroondara,Hawthorn,1/04/2017,538238
Boroondara,Hawthorn,1/05/2017,1712911
Boroondara,Hawthorn,1/06/2017,1702393
Boroondara,Hawthorn,1/07/2017,870975
Boroondara,Hawthorn,1/08/2017,1392198
Boroondara,Hawthorn,1/09/2017,1483570
Boroondara,Hawthorn,1/10/2017,1376517
Boroondara,Hawthorn,1/11/2017,1376517
Boroondara,Hawthorn,1/12/2017,1376518
Boroondara,Hawthorn East,1/01/2016,1438205
Boroondara,Hawthorn East,1/02/2016,1438205
Boroondara,Hawthorn East,1/03/2016,1438205
Boroondara,Hawthorn East,1/04/2016,1493284
Boroondara,Hawthorn East,1/05/2016,1741940
Boroondara,Hawthorn East,1/06/2016,1585630
Boroondara,Hawthorn East,1/07/2016,1461627
Boroondara,Hawthorn East,1/08/2016,1313672
Boroondara,Hawthorn East,1/09/2016,1543198
Boroondara,Hawthorn East,1/10/2016,1359362
Boroondara,Hawthorn East,1/11/2016,1366733
Boroondara,Hawthorn East,1/12/2016,1328237
Boroondara,Hawthorn East,1/01/2017,1438205
Boroondara,Hawthorn East,1/02/2017,1134871
Boroondara,Hawthorn East,1/03/2017,2026561
Boroondara,Hawthorn East,1/04/2017,786827
Boroondara,Hawthorn East,1/05/2017,1518459
Boroondara,Hawthorn East,1/06/2017,1707913
Boroondara,Hawthorn East,1/07/2017,974000
Boroondara,Hawthorn East,1/08/2017,1201386
Boroondara,Hawthorn East,1/09/2017,1905783
Boroondara,Hawthorn East,1/10/2017,1438205
Boroondara,Hawthorn East,1/11/2017,1438205
Boroondara,Hawthorn East,1/12/2017,1438205
Boroondara,Kew,1/01/2016,1788089
Boroondara,Kew,1/02/2016,1788089
Boroondara,Kew,1/03/2016,1788089
Boroondara,Kew,1/04/2016,1805286
Boroondara,Kew,1/05/2016,2046841
Boroondara,Kew,1/06/2016,1748762
Boroondara,Kew,1/07/2016,1299691
Boroondara,Kew,1/08/2016,1984799
Boroondara,Kew,1/09/2016,1920079
Boroondara,Kew,1/10/2016,1621433
Boroondara,Kew,1/11/2016,1923601
Boroondara,Kew,1/12/2016,1779377
Boroondara,Kew,1/01/2017,1788089
Boroondara,Kew,1/02/2017,1781368
Boroondara,Kew,1/03/2017,2177500
Boroondara,Kew,1/04/2017,1478768
Boroondara,Kew,1/05/2017,1770039
Boroondara,Kew,1/06/2017,1717396
Boroondara,Kew,1/07/2017,1313336
Boroondara,Kew,1/08/2017,1877610
Boroondara,Kew,1/09/2017,2151630
Boroondara,Kew,1/10/2017,1788089
Boroondara,Kew,1/11/2017,1788089
Boroondara,Kew,1/12/2017,1788089
Boroondara,Kew East,1/01/2016,1720877
Boroondara,Kew East,1/02/2016,1720877
Boroondara,Kew East,1/03/2016,1720877
Boroondara,Kew East,1/04/2016,2081000
Boroondara,Kew East,1/05/2016,1661121
Boroondara,Kew East,1/06/2016,1770000
Boroondara,Kew East,1/07/2016,1615972
Boroondara,Kew East,1/08/2016,1277996
Boroondara,Kew East,1/09/2016,1474301
Boroondara,Kew East,1/10/2016,1944600
Boroondara,Kew East,1/11/2016,1657947
Boroondara,Kew East,1/12/2016,2121166
Boroondara,Kew East,1/01/2017,1720877
Boroondara,Kew East,1/02/2017,1378718
Boroondara,Kew East,1/03/2017,2119261
Boroondara,Kew East,1/04/2017,1960750
Boroondara,Kew East,1/05/2017,1407461
Boroondara,Kew East,1/06/2017,2003243
Boroondara,Kew East,1/07/2017,1325991
Boroondara,Kew East,1/08/2017,1733049
Boroondara,Kew East,1/09/2017,1722325
Boroondara,Kew East,1/10/2017,1720877
Boroondara,Kew East,1/11/2017,1720877
Boroondara,Kew East,1/12/2017,1720877
Boroondara,Mont Albert,1/01/2016,2200000
Boroondara,Mont Albert,1/02/2016,2200000
Boroondara,Mont Albert,1/03/2016,2200000
Boroondara,Mont Albert,1/04/2016,2200000
Boroondara,Mont Albert,1/05/2016,2200000
Boroondara,Mont Albert,1/06/2016,2200000
Boroondara,Mont Albert,1/07/2016,2200000
Boroondara,Mont Albert,1/08/2016,2200000
Boroondara,Mont Albert,1/09/2016,2200000
Boroondara,Mont Albert,1/10/2016,2200000
Boroondara,Mont Albert,1/11/2016,2200000
Boroondara,Mont Albert,1/12/2016,2200000
Boroondara,Mont Albert,1/01/2017,2200000
Boroondara,Mont Albert,1/02/2017,2200000
Boroondara,Mont Albert,1/03/2017,2200000
Boroondara,Mont Albert,1/04/2017,2200000
Boroondara,Mont Albert,1/05/2017,2200000
Boroondara,Mont Albert,1/06/2017,2200000
Boroondara,Mont Albert,1/07/2017,2200000
Boroondara,Mont Albert,1/08/2017,2200000
Boroondara,Mont Albert,1/09/2017,2200000
Boroondara,Mont Albert,1/10/2017,2200000
Boroondara,Mont Albert,1/11/2017,2200000
Boroondara,Mont Albert,1/12/2017,2200000
Boroondara,Surrey Hills,1/01/2016,1661865
Boroondara,Surrey Hills,1/02/2016,1661865
Boroondara,Surrey Hills,1/03/2016,1661865
Boroondara,Surrey Hills,1/04/2016,1778130
Boroondara,Surrey Hills,1/05/2016,1464992
Boroondara,Surrey Hills,1/06/2016,1651531
Boroondara,Surrey Hills,1/07/2016,1661865
Boroondara,Surrey Hills,1/08/2016,1904497
Boroondara,Surrey Hills,1/09/2016,1666978
Boroondara,Surrey Hills,1/10/2016,1267630
Boroondara,Surrey Hills,1/11/2016,1502395
Boroondara,Surrey Hills,1/12/2016,1762359
Boroondara,Surrey Hills,1/01/2017,1661865
Boroondara,Surrey Hills,1/02/2017,1411580
Boroondara,Surrey Hills,1/03/2017,1464065
Boroondara,Surrey Hills,1/04/2017,2145432
Boroondara,Surrey Hills,1/05/2017,1520309
Boroondara,Surrey Hills,1/06/2017,1635078
Boroondara,Surrey Hills,1/07/2017,1756250
Boroondara,Surrey Hills,1/08/2017,1897968
Boroondara,Surrey Hills,1/09/2017,1760641
Boroondara,Surrey Hills,1/10/2017,1661865
Boroondara,Surrey Hills,1/11/2017,1661865
Boroondara,Surrey Hills,1/12/2017,1661865
Manningham,Bulleen,1/01/2016,1156907
Manningham,Bulleen,1/02/2016,1156907
Manningham,Bulleen,1/03/2016,1156907
Manningham,Bulleen,1/04/2016,1150500
Manningham,Bulleen,1/05/2016,1223929
Manningham,Bulleen,1/06/2016,1072714
Manningham,Bulleen,1/07/2016,1038000
Manningham,Bulleen,1/08/2016,1060772
Manningham,Bulleen,1/09/2016,1194429
Manningham,Bulleen,1/10/2016,1093469
Manningham,Bulleen,1/11/2016,1192649
Manningham,Bulleen,1/12/2016,1189444
Manningham,Bulleen,1/01/2017,1156907
Manningham,Bulleen,1/02/2017,1073333
Manningham,Bulleen,1/03/2017,1305000
Manningham,Bulleen,1/04/2017,1144144
Manningham,Bulleen,1/05/2017,1074543
Manningham,Bulleen,1/06/2017,1193333
Manningham,Bulleen,1/07/2017,1210500
Manningham,Bulleen,1/08/2017,1286333
Manningham,Bulleen,1/09/2017,1164333
Manningham,Bulleen,1/10/2017,1156907
Manningham,Bulleen,1/11/2017,1156907
Manningham,Bulleen,1/12/2017,1156907
Manningham,Doncaster,1/01/2016,1206961
Manningham,Doncaster,1/02/2016,1320000
Manningham,Doncaster,1/03/2016,1206961
Manningham,Doncaster,1/04/2016,1119238
Manningham,Doncaster,1/05/2016,1203670
Manningham,Doncaster,1/06/2016,1172979
Manningham,Doncaster,1/07/2016,1130100
Manningham,Doncaster,1/08/2016,928510
Manningham,Doncaster,1/09/2016,1371525
Manningham,Doncaster,1/10/2016,993787
Manningham,Doncaster,1/11/2016,1227812
Manningham,Doncaster,1/12/2016,1203394
Manningham,Doncaster,1/01/2017,1206961
Manningham,Doncaster,1/02/2017,1266053
Manningham,Doncaster,1/03/2017,1263065
Manningham,Doncaster,1/04/2017,1376076
Manningham,Doncaster,1/05/2017,1167706
Manningham,Doncaster,1/06/2017,1320226
Manningham,Doncaster,1/07/2017,1213549
Manningham,Doncaster,1/08/2017,1081513
Manningham,Doncaster,1/09/2017,1366102
Manningham,Doncaster,1/10/2017,1206961
Manningham,Doncaster,1/11/2017,1206961
Manningham,Doncaster,1/12/2017,1206961
Manningham,Doncaster East,1/01/2016,1343874
Manningham,Doncaster East,1/02/2016,1343874
Manningham,Doncaster East,1/03/2016,1343874
Manningham,Doncaster East,1/04/2016,1343874
Manningham,Doncaster East,1/05/2016,1343874
Manningham,Doncaster East,1/06/2016,1343874
Manningham,Doncaster East,1/07/2016,1343874
Manningham,Doncaster East,1/08/2016,1343874
Manningham,Doncaster East,1/09/2016,1343874
Manningham,Doncaster East,1/10/2016,1343874
Manningham,Doncaster East,1/11/2016,1343874
Manningham,Doncaster East,1/12/2016,1343874
Manningham,Doncaster East,1/01/2017,1343874
Manningham,Doncaster East,1/02/2017,1343874
Manningham,Doncaster East,1/03/2017,1343874
Manningham,Doncaster East,1/04/2017,1343874
Manningham,Doncaster East,1/05/2017,1491857
Manningham,Doncaster East,1/06/2017,1364110
Manningham,Doncaster East,1/07/2017,1353431
Manningham,Doncaster East,1/08/2017,1191340
Manningham,Doncaster East,1/09/2017,1318630
Manningham,Doncaster East,1/10/2017,1343874
Manningham,Doncaster East,1/11/2017,1343874
Manningham,Doncaster East,1/12/2017,1343874
Manningham,Donvale,1/01/2016,1223300
Manningham,Donvale,1/02/2016,1223300
Manningham,Donvale,1/03/2016,1223300
Manningham,Donvale,1/04/2016,1223300
Manningham,Donvale,1/05/2016,1223300
Manningham,Donvale,1/06/2016,1223300
Manningham,Donvale,1/07/2016,1223300
Manningham,Donvale,1/08/2016,1223300
Manningham,Donvale,1/09/2016,1223300
Manningham,Donvale,1/10/2016,1223300
Manningham,Donvale,1/11/2016,1223300
Manningham,Donvale,1/12/2016,1223300
Manningham,Donvale,1/01/2017,1223300
Manningham,Donvale,1/02/2017,1223300
Manningham,Donvale,1/03/2017,1223300
Manningham,Donvale,1/04/2017,1223300
Manningham,Donvale,1/05/2017,1877700
Manningham,Donvale,1/06/2017,991312
Manningham,Donvale,1/07/2017,1061988
Manningham,Donvale,1/08/2017,1297333
Manningham,Donvale,1/09/2017,888167
Manningham,Donvale,1/10/2017,1223300
Manningham,Donvale,1/11/2017,1223300
Manningham,Donvale,1/12/2017,1223300
Manningham,Nunawading,1/01/2016,1214286
Manningham,Nunawading,1/02/2016,1214286
Manningham,Nunawading,1/03/2016,1214286
Manningham,Nunawading,1/04/2016,1214286
Manningham,Nunawading,1/05/2016,1214286
Manningham,Nunawading,1/06/2016,1214286
Manningham,Nunawading,1/07/2016,1214286
Manningham,Nunawading,1/08/2016,1214286
Manningham,Nunawading,1/09/2016,1214286
Manningham,Nunawading,1/10/2016,1214286
Manningham,Nunawading,1/11/2016,1214286
Manningham,Nunawading,1/12/2016,1214286
Manningham,Nunawading,1/01/2017,1214286
Manningham,Nunawading,1/02/2017,1214286
Manningham,Nunawading,1/03/2017,1214286
Manningham,Nunawading,1/04/2017,1214286
Manningham,Nunawading,1/05/2017,1214286
Manningham,Nunawading,1/06/2017,1214286
Manningham,Nunawading,1/07/2017,1214286
Manningham,Nunawading,1/08/2017,1214286
Manningham,Nunawading,1/09/2017,1214286
Manningham,Nunawading,1/10/2017,1214286
Manningham,Nunawading,1/11/2017,1214286
Manningham,Nunawading,1/12/2017,1214286
Manningham,Templestowe,1/01/2016,1560032
Manningham,Templestowe,1/02/2016,1560032
Manningham,Templestowe,1/03/2016,1560032
Manningham,Templestowe,1/04/2016,1560032
Manningham,Templestowe,1/05/2016,1560032
Manningham,Templestowe,1/06/2016,1560032
Manningham,Templestowe,1/07/2016,1560032
Manningham,Templestowe,1/08/2016,1560032
Manningham,Templestowe,1/09/2016,1560032
Manningham,Templestowe,1/10/2016,1560032
Manningham,Templestowe,1/11/2016,1560032
Manningham,Templestowe,1/12/2016,1560032
Manningham,Templestowe,1/01/2017,1560032
Manningham,Templestowe,1/02/2017,1560032
Manningham,Templestowe,1/03/2017,1560032
Manningham,Templestowe,1/04/2017,1560032
Manningham,Templestowe,1/05/2017,1783571
Manningham,Templestowe,1/06/2017,1552300
Manningham,Templestowe,1/07/2017,1345300
Manningham,Templestowe,1/08/2017,1604015
Manningham,Templestowe,1/09/2017,1514971
Manningham,Templestowe,1/10/2017,1560032
Manningham,Templestowe,1/11/2017,1560032
Manningham,Templestowe,1/12/2017,1560032
Manningham,Templestowe Lower,1/01/2016,1156413
Manningham,Templestowe Lower,1/02/2016,1156413
Manningham,Templestowe Lower,1/03/2016,1156413
Manningham,Templestowe Lower,1/04/2016,1115440
Manningham,Templestowe Lower,1/05/2016,1087094
Manningham,Templestowe Lower,1/06/2016,997014
Manningham,Templestowe Lower,1/07/2016,1289750
Manningham,Templestowe Lower,1/08/2016,1115637
Manningham,Templestowe Lower,1/09/2016,1104582
Manningham,Templestowe Lower,1/10/2016,945400
Manningham,Templestowe Lower,1/11/2016,1234829
Manningham,Templestowe Lower,1/12/2016,1014106
Manningham,Templestowe Lower,1/01/2017,1156413
Manningham,Templestowe Lower,1/02/2017,923085
Manningham,Templestowe Lower,1/03/2017,1153133
Manningham,Templestowe Lower,1/04/2017,1376511
Manningham,Templestowe Lower,1/05/2017,1261580
Manningham,Templestowe Lower,1/06/2017,1139850
Manningham,Templestowe Lower,1/07/2017,1305689
Manningham,Templestowe Lower,1/08/2017,1239329
Manningham,Templestowe Lower,1/09/2017,1356000
Manningham,Templestowe Lower,1/10/2017,1156413
Manningham,Templestowe Lower,1/11/2017,1156413
Manningham,Templestowe Lower,1/12/2017,1156413
Manningham,Warrandyte,1/01/2016,1170600
Manningham,Warrandyte,1/02/2016,1170600
Manningham,Warrandyte,1/03/2016,1170600
Manningham,Warrandyte,1/04/2016,1170600
Manningham,Warrandyte,1/05/2016,1170600
Manningham,Warrandyte,1/06/2016,1170600
Manningham,Warrandyte,1/07/2016,1170600
Manningham,Warrandyte,1/08/2016,1170600
Manningham,Warrandyte,1/09/2016,1170600
Manningham,Warrandyte,1/10/2016,1170600
Manningham,Warrandyte,1/11/2016,1170600
Manningham,Warrandyte,1/12/2016,1170600
Manningham,Warrandyte,1/01/2017,1170600
Manningham,Warrandyte,1/02/2017,1170600
Manningham,Warrandyte,1/03/2017,1170600
Manningham,Warrandyte,1/04/2017,1170600
Manningham,Warrandyte,1/05/2017,1050000
Manningham,Warrandyte,1/06/2017,1025000
Manningham,Warrandyte,1/07/2017,1028000
Manningham,Warrandyte,1/08/2017,1600000
Manningham,Warrandyte,1/09/2017,1150000
Manningham,Warrandyte,1/10/2017,1170600
Manningham,Warrandyte,1/11/2017,1170600
Manningham,Warrandyte,1/12/2017,1170600
Stonnington,Armadale,1/01/2016,1616498
Stonnington,Armadale,1/02/2016,1616498
Stonnington,Armadale,1/03/2016,1616498
Stonnington,Armadale,1/04/2016,1894136
Stonnington,Armadale,1/05/2016,1646802
Stonnington,Armadale,1/06/2016,1756465
Stonnington,Armadale,1/07/2016,958985
Stonnington,Armadale,1/08/2016,1312012
Stonnington,Armadale,1/09/2016,2019816
Stonnington,Armadale,1/10/2016,1910188
Stonnington,Armadale,1/11/2016,2026238
Stonnington,Armadale,1/12/2016,1407514
Stonnington,Armadale,1/01/2017,1616498
Stonnington,Armadale,1/02/2017,1524587
Stonnington,Armadale,1/03/2017,1515272
Stonnington,Armadale,1/04/2017,1031830
Stonnington,Armadale,1/05/2017,1629191
Stonnington,Armadale,1/06/2017,2305439
Stonnington,Armadale,1/07/2017,734142
Stonnington,Armadale,1/08/2017,1702781
Stonnington,Armadale,1/09/2017,2105063
Stonnington,Armadale,1/10/2017,1616498
Stonnington,Armadale,1/11/2017,1616498
Stonnington,Armadale,1/12/2017,1616498
Stonnington,Glen Iris,1/01/2016,1341176
Stonnington,Glen Iris,1/02/2016,1341176
Stonnington,Glen Iris,1/03/2016,1341176
Stonnington,Glen Iris,1/04/2016,1609732
Stonnington,Glen Iris,1/05/2016,1775962
Stonnington,Glen Iris,1/06/2016,1483453
Stonnington,Glen Iris,1/07/2016,966583
Stonnington,Glen Iris,1/08/2016,925000
Stonnington,Glen Iris,1/09/2016,2256714
Stonnington,Glen Iris,1/10/2016,1238922
Stonnington,Glen Iris,1/11/2016,1162374
Stonnington,Glen Iris,1/12/2016,452000
Stonnington,Glen Iris,1/01/2017,1341176
Stonnington,Glen Iris,1/02/2017,1362866
Stonnington,Glen Iris,1/03/2017,1847497
Stonnington,Glen Iris,1/04/2017,987000
Stonnington,Glen Iris,1/05/2017,1725530
Stonnington,Glen Iris,1/06/2017,1999290
Stonnington,Glen Iris,1/07/2017,550890
Stonnington,Glen Iris,1/08/2017,1115000
Stonnington,Glen Iris,1/09/2017,1341176
Stonnington,Glen Iris,1/10/2017,1341176
Stonnington,Glen Iris,1/11/2017,1341176
Stonnington,Glen Iris,1/12/2017,1341176
Stonnington,Kooyong,1/01/2016,1496656
Stonnington,Kooyong,1/02/2016,1496656
Stonnington,Kooyong,1/03/2016,1496656
Stonnington,Kooyong,1/04/2016,1496656
Stonnington,Kooyong,1/05/2016,1496656
Stonnington,Kooyong,1/06/2016,1496656
Stonnington,Kooyong,1/07/2016,1496656
Stonnington,Kooyong,1/08/2016,1496656
Stonnington,Kooyong,1/09/2016,926667
Stonnington,Kooyong,1/10/2016,1290000
Stonnington,Kooyong,1/11/2016,1538417
Stonnington,Kooyong,1/12/2016,1496656
Stonnington,Kooyong,1/01/2017,1496656
Stonnington,Kooyong,1/02/2017,2447500
Stonnington,Kooyong,1/03/2017,1706000
Stonnington,Kooyong,1/04/2017,1496656
Stonnington,Kooyong,1/05/2017,1496656
Stonnington,Kooyong,1/06/2017,1188000
Stonnington,Kooyong,1/07/2017,926667
Stonnington,Kooyong,1/08/2017,1950000
Stonnington,Kooyong,1/09/2017,1496656
Stonnington,Kooyong,1/10/2017,1496656
Stonnington,Kooyong,1/11/2017,1496656
Stonnington,Kooyong,1/12/2017,1496656
Stonnington,Malvern,1/01/2016,1859204
Stonnington,Malvern,1/02/2016,1859204
Stonnington,Malvern,1/03/2016,1859204
Stonnington,Malvern,1/04/2016,1437000
Stonnington,Malvern,1/05/2016,1724318
Stonnington,Malvern,1/06/2016,1905100
Stonnington,Malvern,1/07/2016,1932232
Stonnington,Malvern,1/08/2016,2723374
Stonnington,Malvern,1/09/2016,1851407
Stonnington,Malvern,1/10/2016,1136619
Stonnington,Malvern,1/11/2016,1841385
Stonnington,Malvern,1/12/2016,2561863
Stonnington,Malvern,1/01/2017,1859204
Stonnington,Malvern,1/02/2017,2389283
Stonnington,Malvern,1/03/2017,1904050
Stonnington,Malvern,1/04/2017,1098481
Stonnington,Malvern,1/05/2017,2060036
Stonnington,Malvern,1/06/2017,2500948
Stonnington,Malvern,1/07/2017,456500
Stonnington,Malvern,1/08/2017,2098923
Stonnington,Malvern,1/09/2017,1984944
Stonnington,Malvern,1/10/2017,1859204
Stonnington,Malvern,1/11/2017,1859204
Stonnington,Malvern,1/12/2017,1859204
Stonnington,Malvern East,1/01/2016,1474937
Stonnington,Malvern East,1/02/2016,350000
Stonnington,Malvern East,1/03/2016,1474937
Stonnington,Malvern East,1/04/2016,1347484
Stonnington,Malvern East,1/05/2016,1463641
Stonnington,Malvern East,1/06/2016,1352625
Stonnington,Malvern East,1/07/2016,1420260
Stonnington,Malvern East,1/08/2016,1655068
Stonnington,Malvern East,1/09/2016,1286930
Stonnington,Malvern East,1/10/2016,1499405
Stonnington,Malvern East,1/11/2016,1395763
Stonnington,Malvern East,1/12/2016,1841275
Stonnington,Malvern East,1/01/2017,1474937
Stonnington,Malvern East,1/02/2017,1632715
Stonnington,Malvern East,1/03/2017,1516512
Stonnington,Malvern East,1/04/2017,1508191
Stonnington,Malvern East,1/05/2017,1582282
Stonnington,Malvern East,1/06/2017,1947949
Stonnington,Malvern East,1/07/2017,1338917
Stonnington,Malvern East,1/08/2017,1867128
Stonnington,Malvern East,1/09/2017,1542730
Stonnington,Malvern East,1/10/2017,1474937
Stonnington,Malvern East,1/11/2017,1474937
Stonnington,Malvern East,1/12/2017,1474937
Stonnington,Oakleigh,1/01/2016,995167
Stonnington,Oakleigh,1/02/2016,995167
Stonnington,Oakleigh,1/03/2016,995167
Stonnington,Oakleigh,1/04/2016,995167
Stonnington,Oakleigh,1/05/2016,995167
Stonnington,Oakleigh,1/06/2016,995167
Stonnington,Oakleigh,1/07/2016,995167
Stonnington,Oakleigh,1/08/2016,995167
Stonnington,Oakleigh,1/09/2016,995167
Stonnington,Oakleigh,1/10/2016,995167
Stonnington,Oakleigh,1/11/2016,995167
Stonnington,Oakleigh,1/12/2016,995167
Stonnington,Oakleigh,1/01/2017,995167
Stonnington,Oakleigh,1/02/2017,995167
Stonnington,Oakleigh,1/03/2017,995167
Stonnington,Oakleigh,1/04/2017,995167
Stonnington,Oakleigh,1/05/2017,995167
Stonnington,Oakleigh,1/06/2017,995167
Stonnington,Oakleigh,1/07/2017,995167
Stonnington,Oakleigh,1/08/2017,995167
Stonnington,Oakleigh,1/09/2017,995167
Stonnington,Oakleigh,1/10/2017,995167
Stonnington,Oakleigh,1/11/2017,995167
Stonnington,Oakleigh,1/12/2017,995167
Stonnington,Prahran,1/01/2016,1149833
Stonnington,Prahran,1/02/2016,1149833
Stonnington,Prahran,1/03/2016,1149833
Stonnington,Prahran,1/04/2016,1113062
Stonnington,Prahran,1/05/2016,1311823
Stonnington,Prahran,1/06/2016,1024995
Stonnington,Prahran,1/07/2016,1262842
Stonnington,Prahran,1/08/2016,888014
Stonnington,Prahran,1/09/2016,1042856
Stonnington,Prahran,1/10/2016,1144651
Stonnington,Prahran,1/11/2016,1140444
Stonnington,Prahran,1/12/2016,1145032
Stonnington,Prahran,1/01/2017,1149833
Stonnington,Prahran,1/02/2017,1352290
Stonnington,Prahran,1/03/2017,1123232
Stonnington,Prahran,1/04/2017,1138764
Stonnington,Prahran,1/05/2017,1060799
Stonnington,Prahran,1/06/2017,1235649
Stonnington,Prahran,1/07/2017,766403
Stonnington,Prahran,1/08/2017,1480840
Stonnington,Prahran,1/09/2017,1315460
Stonnington,Prahran,1/10/2017,1149833
Stonnington,Prahran,1/11/2017,1149833
Stonnington,Prahran,1/12/2017,1149833
Stonnington,South Yarra,1/01/2016,1011770
Stonnington,South Yarra,1/02/2016,1011770
Stonnington,South Yarra,1/03/2016,1011770
Stonnington,South Yarra,1/04/2016,1227041
Stonnington,South Yarra,1/05/2016,999481
Stonnington,South Yarra,1/06/2016,896751
Stonnington,South Yarra,1/07/2016,545571
Stonnington,South Yarra,1/08/2016,828751
Stonnington,South Yarra,1/09/2016,921244
Stonnington,South Yarra,1/10/2016,1123030
Stonnington,South Yarra,1/11/2016,1578339
Stonnington,South Yarra,1/12/2016,1055475
Stonnington,South Yarra,1/01/2017,1011770
Stonnington,South Yarra,1/02/2017,935650
Stonnington,South Yarra,1/03/2017,1121234
Stonnington,South Yarra,1/04/2017,1138127
Stonnington,South Yarra,1/05/2017,1299196
Stonnington,South Yarra,1/06/2017,947914
Stonnington,South Yarra,1/07/2017,796267
Stonnington,South Yarra,1/08/2017,712011
Stonnington,South Yarra,1/09/2017,1074008
Stonnington,South Yarra,1/10/2017,1011770
Stonnington,South Yarra,1/11/2017,1011770
Stonnington,South Yarra,1/12/2017,1011770
Stonnington,Toorak,1/01/2016,1795183
Stonnington,Toorak,1/02/2016,1795183
Stonnington,Toorak,1/03/2016,1795183
Stonnington,Toorak,1/04/2016,2149599
Stonnington,Toorak,1/05/2016,1709561
Stonnington,Toorak,1/06/2016,1455156
Stonnington,Toorak,1/07/2016,894133
Stonnington,Toorak,1/08/2016,1962746
Stonnington,Toorak,1/09/2016,1697645
Stonnington,Toorak,1/10/2016,1960453
Stonnington,Toorak,1/11/2016,2121475
Stonnington,Toorak,1/12/2016,2396304
Stonnington,Toorak,1/01/2017,1795183
Stonnington,Toorak,1/02/2017,1742705
Stonnington,Toorak,1/03/2017,2158995
Stonnington,Toorak,1/04/2017,1290700
Stonnington,Toorak,1/05/2017,2394684
Stonnington,Toorak,1/06/2017,1860310
Stonnington,Toorak,1/07/2017,1258451
Stonnington,Toorak,1/08/2017,1530004
Stonnington,Toorak,1/09/2017,1935187
Stonnington,Toorak,1/10/2017,1795183
Stonnington,Toorak,1/11/2017,1795183
Stonnington,Toorak,1/12/2017,1795183
Stonnington,Windsor,1/01/2016,1008899
Stonnington,Windsor,1/02/2016,1008899
Stonnington,Windsor,1/03/2016,1008899
Stonnington,Windsor,1/04/2016,1008899
Stonnington,Windsor,1/05/2016,954053
Stonnington,Windsor,1/06/2016,1989030
Stonnington,Windsor,1/07/2016,1008899
Stonnington,Windsor,1/08/2016,986667
Stonnington,Windsor,1/09/2016,1105030
Stonnington,Windsor,1/10/2016,662346
Stonnington,Windsor,1/11/2016,1140833
Stonnington,Windsor,1/12/2016,954134
Stonnington,Windsor,1/01/2017,1008899
Stonnington,Windsor,1/02/2017,452000
Stonnington,Windsor,1/03/2017,1426377
Stonnington,Windsor,1/04/2017,779667
Stonnington,Windsor,1/05/2017,747346
Stonnington,Windsor,1/06/2017,1310548
Stonnington,Windsor,1/07/2017,751553
Stonnington,Windsor,1/08/2017,865000
Stonnington,Windsor,1/09/2017,1008899
Stonnington,Windsor,1/10/2017,1008899
Stonnington,Windsor,1/11/2017,1008899
Stonnington,Windsor,1/12/2017,1008899
Whitehorse,Blackburn,1/01/2016,1306116
Whitehorse,Blackburn,1/02/2016,1306116
Whitehorse,Blackburn,1/03/2016,1306116
Whitehorse,Blackburn,1/04/2016,1306116
Whitehorse,Blackburn,1/05/2016,1306116
Whitehorse,Blackburn,1/06/2016,1306116
Whitehorse,Blackburn,1/07/2016,1306116
Whitehorse,Blackburn,1/08/2016,1306116
Whitehorse,Blackburn,1/09/2016,1306116
Whitehorse,Blackburn,1/10/2016,1306116
Whitehorse,Blackburn,1/11/2016,1306116
Whitehorse,Blackburn,1/12/2016,1306116
Whitehorse,Blackburn,1/01/2017,1306116
Whitehorse,Blackburn,1/02/2017,1306116
Whitehorse,Blackburn,1/03/2017,1306116
Whitehorse,Blackburn,1/04/2017,1306116
Whitehorse,Blackburn,1/05/2017,1306116
Whitehorse,Blackburn,1/06/2017,1363765
Whitehorse,Blackburn,1/07/2017,1173675
Whitehorse,Blackburn,1/08/2017,1232546
Whitehorse,Blackburn,1/09/2017,1454476
Whitehorse,Blackburn,1/10/2017,1306116
Whitehorse,Blackburn,1/11/2017,1306116
Whitehorse,Blackburn,1/12/2017,1306116
Whitehorse,Blackburn North,1/01/2016,1119739
Whitehorse,Blackburn North,1/02/2016,1119739
Whitehorse,Blackburn North,1/03/2016,1119739
Whitehorse,Blackburn North,1/04/2016,1119739
Whitehorse,Blackburn North,1/05/2016,1119739
Whitehorse,Blackburn North,1/06/2016,1119739
Whitehorse,Blackburn North,1/07/2016,1119739
Whitehorse,Blackburn North,1/08/2016,1119739
Whitehorse,Blackburn North,1/09/2016,1119739
Whitehorse,Blackburn North,1/10/2016,1119739
Whitehorse,Blackburn North,1/11/2016,1119739
Whitehorse,Blackburn North,1/12/2016,1119739
Whitehorse,Blackburn North,1/01/2017,1119739
Whitehorse,Blackburn North,1/02/2017,1119739
Whitehorse,Blackburn North,1/03/2017,1119739
Whitehorse,Blackburn North,1/04/2017,1119739
Whitehorse,Blackburn North,1/05/2017,1119739
Whitehorse,Blackburn North,1/06/2017,1029500
Whitehorse,Blackburn North,1/07/2017,985056
Whitehorse,Blackburn North,1/08/2017,1275000
Whitehorse,Blackburn North,1/09/2017,1189400
Whitehorse,Blackburn North,1/10/2017,1119739
Whitehorse,Blackburn North,1/11/2017,1119739
Whitehorse,Blackburn North,1/12/2017,1119739
Whitehorse,Blackburn South,1/01/2016,1117430
Whitehorse,Blackburn South,1/02/2016,1117430
Whitehorse,Blackburn South,1/03/2016,1117430
Whitehorse,Blackburn South,1/04/2016,1117430
Whitehorse,Blackburn South,1/05/2016,1117430
Whitehorse,Blackburn South,1/06/2016,1117430
Whitehorse,Blackburn South,1/07/2016,1117430
Whitehorse,Blackburn South,1/08/2016,1117430
Whitehorse,Blackburn South,1/09/2016,1117430
Whitehorse,Blackburn South,1/10/2016,1117430
Whitehorse,Blackburn South,1/11/2016,1117430
Whitehorse,Blackburn South,1/12/2016,1117430
Whitehorse,Blackburn South,1/01/2017,1117430
Whitehorse,Blackburn South,1/02/2017,1117430
Whitehorse,Blackburn South,1/03/2017,1117430
Whitehorse,Blackburn South,1/04/2017,1117430
Whitehorse,Blackburn South,1/05/2017,1258000
Whitehorse,Blackburn South,1/06/2017,1111261
Whitehorse,Blackburn South,1/07/2017,1025510
Whitehorse,Blackburn South,1/08/2017,1097367
Whitehorse,Blackburn South,1/09/2017,1095011
Whitehorse,Blackburn South,1/10/2017,1117430
Whitehorse,Blackburn South,1/11/2017,1117430
Whitehorse,Blackburn South,1/12/2017,1117430
Whitehorse,Box Hill,1/01/2016,1312809
Whitehorse,Box Hill,1/02/2016,1312809
Whitehorse,Box Hill,1/03/2016,1312809
Whitehorse,Box Hill,1/04/2016,1056667
Whitehorse,Box Hill,1/05/2016,1250208
Whitehorse,Box Hill,1/06/2016,1568011
Whitehorse,Box Hill,1/07/2016,1080867
Whitehorse,Box Hill,1/08/2016,832437
Whitehorse,Box Hill,1/09/2016,1508962
Whitehorse,Box Hill,1/10/2016,1173042
Whitehorse,Box Hill,1/11/2016,1381075
Whitehorse,Box Hill,1/12/2016,1344965
Whitehorse,Box Hill,1/01/2017,1312809
Whitehorse,Box Hill,1/02/2017,1710000
Whitehorse,Box Hill,1/03/2017,677454
Whitehorse,Box Hill,1/04/2017,1428687
Whitehorse,Box Hill,1/05/2017,1244048
Whitehorse,Box Hill,1/06/2017,1862666
Whitehorse,Box Hill,1/07/2017,1606954
Whitehorse,Box Hill,1/08/2017,1083144
Whitehorse,Box Hill,1/09/2017,1508572
Whitehorse,Box Hill,1/10/2017,1312809
Whitehorse,Box Hill,1/11/2017,1312809
Whitehorse,Box Hill,1/12/2017,1312809
Whitehorse,Burwood,1/01/2016,1237264
Whitehorse,Burwood,1/02/2016,1453000
Whitehorse,Burwood,1/03/2016,1237264
Whitehorse,Burwood,1/04/2016,1449832
Whitehorse,Burwood,1/05/2016,1224542
Whitehorse,Burwood,1/06/2016,1177893
Whitehorse,Burwood,1/07/2016,813033
Whitehorse,Burwood,1/08/2016,1098839
Whitehorse,Burwood,1/09/2016,1077898
Whitehorse,Burwood,1/10/2016,1387722
Whitehorse,Burwood,1/11/2016,1216085
Whitehorse,Burwood,1/12/2016,1394259
Whitehorse,Burwood,1/01/2017,1237264
Whitehorse,Burwood,1/02/2017,1186954
Whitehorse,Burwood,1/03/2017,1194426
Whitehorse,Burwood,1/04/2017,1241038
Whitehorse,Burwood,1/05/2017,1185303
Whitehorse,Burwood,1/06/2017,1080813
Whitehorse,Burwood,1/07/2017,1399921
Whitehorse,Burwood,1/08/2017,1335377
Whitehorse,Burwood,1/09/2017,1353821
Whitehorse,Burwood,1/10/2017,1237264
Whitehorse,Burwood,1/11/2017,1237264
Whitehorse,Burwood,1/12/2017,1237264
Whitehorse,Burwood East,1/01/2016,1021224
Whitehorse,Burwood East,1/02/2016,1021224
Whitehorse,Burwood East,1/03/2016,1021224
Whitehorse,Burwood East,1/04/2016,1021224
Whitehorse,Burwood East,1/05/2016,1021224
Whitehorse,Burwood East,1/06/2016,1021224
Whitehorse,Burwood East,1/07/2016,1021224
Whitehorse,Burwood East,1/08/2016,1021224
Whitehorse,Burwood East,1/09/2016,1021224
Whitehorse,Burwood East,1/10/2016,1021224
Whitehorse,Burwood East,1/11/2016,1021224
Whitehorse,Burwood East,1/12/2016,1021224
Whitehorse,Burwood East,1/01/2017,1021224
Whitehorse,Burwood East,1/02/2017,1021224
Whitehorse,Burwood East,1/03/2017,1021224
Whitehorse,Burwood East,1/04/2017,1021224
Whitehorse,Burwood East,1/05/2017,780000
Whitehorse,Burwood East,1/06/2017,1149496
Whitehorse,Burwood East,1/07/2017,1166117
Whitehorse,Burwood East,1/08/2017,1000000
Whitehorse,Burwood East,1/09/2017,1010508
Whitehorse,Burwood East,1/10/2017,1021224
Whitehorse,Burwood East,1/11/2017,1021224
Whitehorse,Burwood East,1/12/2017,1021224
Whitehorse,Forest Hill,1/01/2016,961962
Whitehorse,Forest Hill,1/02/2016,961962
Whitehorse,Forest Hill,1/03/2016,961962
Whitehorse,Forest Hill,1/04/2016,961962
Whitehorse,Forest Hill,1/05/2016,961962
Whitehorse,Forest Hill,1/06/2016,961962
Whitehorse,Forest Hill,1/07/2016,961962
Whitehorse,Forest Hill,1/08/2016,961962
Whitehorse,Forest Hill,1/09/2016,961962
Whitehorse,Forest Hill,1/10/2016,961962
Whitehorse,Forest Hill,1/11/2016,961962
Whitehorse,Forest Hill,1/12/2016,961962
Whitehorse,Forest Hill,1/01/2017,961962
Whitehorse,Forest Hill,1/02/2017,961962
Whitehorse,Forest Hill,1/03/2017,961962
Whitehorse,Forest Hill,1/04/2017,961962
Whitehorse,Forest Hill,1/05/2017,886072
Whitehorse,Forest Hill,1/06/2017,982656
Whitehorse,Forest Hill,1/07/2017,1017756
Whitehorse,Forest Hill,1/08/2017,949078
Whitehorse,Forest Hill,1/09/2017,974248
Whitehorse,Forest Hill,1/10/2017,961962
Whitehorse,Forest Hill,1/11/2017,961962
Whitehorse,Forest Hill,1/12/2017,961962
Whitehorse,Mitcham,1/01/2016,968998
Whitehorse,Mitcham,1/02/2016,968998
Whitehorse,Mitcham,1/03/2016,968998
Whitehorse,Mitcham,1/04/2016,968998
Whitehorse,Mitcham,1/05/2016,968998
Whitehorse,Mitcham,1/06/2016,968998
Whitehorse,Mitcham,1/07/2016,968998
Whitehorse,Mitcham,1/08/2016,968998
Whitehorse,Mitcham,1/09/2016,968998
Whitehorse,Mitcham,1/10/2016,968998
Whitehorse,Mitcham,1/11/2016,968998
Whitehorse,Mitcham,1/12/2016,968998
Whitehorse,Mitcham,1/01/2017,968998
Whitehorse,Mitcham,1/02/2017,968998
Whitehorse,Mitcham,1/03/2017,968998
Whitehorse,Mitcham,1/04/2017,968998
Whitehorse,Mitcham,1/05/2017,895886
Whitehorse,Mitcham,1/06/2017,1046552
Whitehorse,Mitcham,1/07/2017,964778
Whitehorse,Mitcham,1/08/2017,896780
Whitehorse,Mitcham,1/09/2017,1040995
Whitehorse,Mitcham,1/10/2017,968998
Whitehorse,Mitcham,1/11/2017,968998
Whitehorse,Mitcham,1/12/2017,968998
Whitehorse,Mont Albert,1/01/2016,1567977
Whitehorse,Mont Albert,1/02/2016,750000
Whitehorse,Mont Albert,1/03/2016,1567977
Whitehorse,Mont Albert,1/04/2016,1567977
Whitehorse,Mont Albert,1/05/2016,1114204
Whitehorse,Mont Albert,1/06/2016,1720700
Whitehorse,Mont Albert,1/07/2016,908000
Whitehorse,Mont Albert,1/08/2016,1857353
Whitehorse,Mont Albert,1/09/2016,1570975
Whitehorse,Mont Albert,1/10/2016,1268333
Whitehorse,Mont Albert,1/11/2016,1555388
Whitehorse,Mont Albert,1/12/2016,1169495
Whitehorse,Mont Albert,1/01/2017,1567977
Whitehorse,Mont Albert,1/02/2017,3079706
Whitehorse,Mont Albert,1/03/2017,2039498
Whitehorse,Mont Albert,1/04/2017,1316955
Whitehorse,Mont Albert,1/05/2017,1457042
Whitehorse,Mont Albert,1/06/2017,1746267
Whitehorse,Mont Albert,1/07/2017,1686619
Whitehorse,Mont Albert,1/08/2017,1929706
Whitehorse,Mont Albert,1/09/2017,1485365
Whitehorse,Mont Albert,1/10/2017,1567977
Whitehorse,Mont Albert,1/11/2017,1567977
Whitehorse,Mont Albert,1/12/2017,1567977
Whitehorse,Nunawading,1/01/2016,1025285
Whitehorse,Nunawading,1/02/2016,1025285
Whitehorse,Nunawading,1/03/2016,1025285
Whitehorse,Nunawading,1/04/2016,1025285
Whitehorse,Nunawading,1/05/2016,1025285
Whitehorse,Nunawading,1/06/2016,1025285
Whitehorse,Nunawading,1/07/2016,1025285
Whitehorse,Nunawading,1/08/2016,1025285
Whitehorse,Nunawading,1/09/2016,1025285
Whitehorse,Nunawading,1/10/2016,1025285
Whitehorse,Nunawading,1/11/2016,1025285
Whitehorse,Nunawading,1/12/2016,1025285
Whitehorse,Nunawading,1/01/2017,1025285
Whitehorse,Nunawading,1/02/2017,1025285
Whitehorse,Nunawading,1/03/2017,1025285
Whitehorse,Nunawading,1/04/2017,1025285
Whitehorse,Nunawading,1/05/2017,1194000
Whitehorse,Nunawading,1/06/2017,1040214
Whitehorse,Nunawading,1/07/2017,933924
Whitehorse,Nunawading,1/08/2017,1011737
Whitehorse,Nunawading,1/09/2017,946548
Whitehorse,Nunawading,1/10/2017,1025285
Whitehorse,Nunawading,1/11/2017,1025285
Whitehorse,Nunawading,1/12/2017,1025285
Whitehorse,Surrey Hills,1/01/2016,1516076
Whitehorse,Surrey Hills,1/01/2016,1009000
Whitehorse,Surrey Hills,1/02/2016,930000
Whitehorse,Surrey Hills,1/03/2016,1516076
Whitehorse,Surrey Hills,1/04/2016,1460230
Whitehorse,Surrey Hills,1/05/2016,1437291
Whitehorse,Surrey Hills,1/06/2016,1607355
Whitehorse,Surrey Hills,1/07/2016,2050000
Whitehorse,Surrey Hills,1/08/2016,1975000
Whitehorse,Surrey Hills,1/09/2016,1368630
Whitehorse,Surrey Hills,1/10/2016,1658133
Whitehorse,Surrey Hills,1/11/2016,1396782
Whitehorse,Surrey Hills,1/12/2016,1667037
Whitehorse,Surrey Hills,1/01/2017,1516076
Whitehorse,Surrey Hills,1/02/2017,1327790
Whitehorse,Surrey Hills,1/03/2017,1529736
Whitehorse,Surrey Hills,1/04/2017,1506260
Whitehorse,Surrey Hills,1/05/2017,1542354
Whitehorse,Surrey Hills,1/06/2017,1701574
Whitehorse,Surrey Hills,1/07/2017,1453200
Whitehorse,Surrey Hills,1/08/2017,1669000
Whitehorse,Surrey Hills,1/09/2017,1516076
Whitehorse,Surrey Hills,1/10/2017,1516076
Whitehorse,Surrey Hills,1/11/2017,1516076
Whitehorse,Surrey Hills,1/12/2017,1516076
Whitehorse,Vermont,1/01/2016,1037104
Whitehorse,Vermont,1/02/2016,1037104
Whitehorse,Vermont,1/03/2016,1037104
Whitehorse,Vermont,1/04/2016,1037104
Whitehorse,Vermont,1/05/2016,1037104
Whitehorse,Vermont,1/06/2016,1037104
Whitehorse,Vermont,1/07/2016,1037104
Whitehorse,Vermont,1/08/2016,1037104
Whitehorse,Vermont,1/09/2016,1037104
Whitehorse,Vermont,1/10/2016,1037104
Whitehorse,Vermont,1/11/2016,1037104
Whitehorse,Vermont,1/12/2016,1037104
Whitehorse,Vermont,1/01/2017,1037104
Whitehorse,Vermont,1/02/2017,1037104
Whitehorse,Vermont,1/03/2017,1037104
Whitehorse,Vermont,1/04/2017,1037104
Whitehorse,Vermont,1/05/2017,1163792
Whitehorse,Vermont,1/06/2017,1068200
Whitehorse,Vermont,1/07/2017,1005500
Whitehorse,Vermont,1/08/2017,999450
Whitehorse,Vermont,1/09/2017,948578
Whitehorse,Vermont,1/10/2017,1037104
Whitehorse,Vermont,1/11/2017,1037104
Whitehorse,Vermont,1/12/2017,1037104
Whitehorse,Vermont South,1/01/2016,1203982
Whitehorse,Vermont South,1/02/2016,1203982
Whitehorse,Vermont South,1/03/2016,1203982
Whitehorse,Vermont South,1/04/2016,1203982
Whitehorse,Vermont South,1/05/2016,1203982
Whitehorse,Vermont South,1/06/2016,1203982
Whitehorse,Vermont South,1/07/2016,1203982
Whitehorse,Vermont South,1/08/2016,1203982
Whitehorse,Vermont South,1/09/2016,1203982
Whitehorse,Vermont South,1/10/2016,1203982
Whitehorse,Vermont South,1/11/2016,1203982
Whitehorse,Vermont South,1/12/2016,1203982
Whitehorse,Vermont South,1/01/2017,1203982
Whitehorse,Vermont South,1/02/2017,1203982
Whitehorse,Vermont South,1/03/2017,1203982
Whitehorse,Vermont South,1/04/2017,1203982
Whitehorse,Vermont South,1/05/2017,1243300
Whitehorse,Vermont South,1/06/2017,1253286
Whitehorse,Vermont South,1/07/2017,1269533
Whitehorse,Vermont South,1/08/2017,1130042
Whitehorse,Vermont South,1/09/2017,1123750
Whitehorse,Vermont South,1/10/2017,1203982
Whitehorse,Vermont South,1/11/2017,1203982
Whitehorse,Vermont South,1/12/2017,1203982
